MATERIA,Acir Gurgacz - PDT/RO,Aécio Neves - PSDB/MG,Airton Sandoval - PMDB/SP,Aloysio Nunes Ferreira - PSDB/SP,Alvaro Dias - PSDB/PR,Ana Amélia - PP/RS,Ângela Portela - PT/RR,Angela Portela - PT/RR,Antonio Anastasia - PSDB/MG,Antonio Carlos Valadares - PSB/SE,Armando Monteiro - PTB/PE,Ataídes Oliveira - PSDB/TO,Benedito de Lira - PP/AL,Blairo Maggi - PR/MT,Cássio Cunha Lima - PSDB/PB,Cidinho Santos - PR/MT,Ciro Nogueira - PP/PI,Cristovam Buarque - PDT/DF,Dalirio Beber - PSDB/SC,Dário Berger - PMDB/SC,Davi Alcolumbre - DEM/AP,Deca - PSDB/PB,Delcídio do Amaral - PT/MS,Donizeti Nogueira - PT/TO,Douglas Cintra - PTB/PE,Edison Lobão - PMDB/MA,Eduardo Amorim - PSC/SE,Eduardo Braga - PMDB/AM,Eduardo Lopes - PRB/RJ,Elber Batalha - PSB/SE,Elmano Férrer - PTB/PI,Eunício Oliveira - PMDB/CE,Fátima Bezerra - PT/RN,Fernando Bezerra Coelho - PSB/PE,Fernando Collor - PTB/AL,Fernando Ribeiro - PMDB/PA,Flexa Ribeiro - PSDB/PA,Garibaldi Alves Filho - PMDB/RN,Gilberto Piselo - PDT/RO,Gladson Cameli - PP/AC,Gleisi Hoffmann - PT/PR,Hélio José - PSD/DF,Humberto Costa - PT/PE,Ivo Cassol - PP/RO,Jader Barbalho - PMDB/PA,João Alberto Souza - PMDB/MA,João Capiberibe - PSB/AP,Jorge Viana - PT/AC,José Agripino - DEM/RN,José Aníbal - PSDB/SP,José Maranhão - PMDB/PB,José Medeiros - PPS/MT,José Pimentel - PT/CE,José Serra - PSDB/SP,Kátia Abreu - PMDB/TO,Lasier Martins - PDT/RS,Lídice da Mata - PSB/BA,Lindbergh Farias - PT/RJ,Lúcia Vânia - PSDB/GO,Luiz Henrique - PMDB/SC,Magno Malta - PR/ES,Marcelo Crivella - PRB/RJ,Maria do Carmo Alves - DEM/SE,Marta Suplicy - PT/SP,Omar Aziz - PSD/AM,Otto Alencar - PSD/BA,Pastor Valadares - PDT/RO,Paulo Bauer - PSDB/SC,Paulo Paim - PT/RS,Paulo Rocha - PT/PA,Pedro Chaves - PSC/MS,Pinto Itamaraty - PSDB/MA,Raimundo Lira - PMDB/PB,Randolfe Rodrigues - PSOL/AP,Regina Sousa - PT/PI,Reguffe - PDT/DF,Renan Calheiros - PMDB/AL,Ricardo Ferraço - PMDB/ES,Ricardo Franco - DEM/SE,Roberto Muniz - PP/BA,Roberto Requião - PMDB/PR,Roberto Rocha - PSB/MA,Romário - PSB/RJ,Romero Jucá - PMDB/RR,Ronaldo Caiado - DEM/GO,Rose de Freitas - PMDB/ES,Sandra Braga - PMDB/AM,Sérgio de Castro - PDT/ES,Sérgio Petecão - PSD/AC,Simone Tebet - PMDB/MS,Tasso Jereissati - PSDB/CE,Telmário Mota - PDT/RR,Thieres Pinto - PTB/RR,Valdir Raupp - PMDB/RO,Vanessa Grazziotin - PCdoB/AM,Vicentinho Alves - PR/TO,Virginio de Carvalho - PSC/SE,Waldemir Moka - PMDB/MS,Walter Pinheiro - PT/BA,Wellington Fagundes - PR/MT,Wilder Morais - DEM/GO,Wirlande da Luz - PMDB/RR,Zeze Perrella - PDT/MG,RESULTADO
DEN 00001/2016,Sim,Sim,?,Sim,Sim,Sim,?,Não,Sim,Sim,Não,Sim,Sim,?,Sim,Sim,Sim,Sim,Sim,Sim,Sim,?,?,?,?,Sim,Sim,Sim,Sim,?,Não,Sim,Não,Sim,Sim,?,Sim,Sim,?,Sim,Não,Sim,Não,Sim,Sim,Sim,Não,Não,Sim,Sim,Sim,Sim,Não,?,Não,Sim,Não,Não,Sim,?,Sim,?,?,Sim,Sim,Não,?,Sim,Não,Não,Sim,?,Sim,Não,Não,Sim,P-NRV,Sim,Sim,Não,Não,Sim,Sim,Sim,Sim,Sim,?,?,Sim,Sim,Sim,Não,?,Sim,Não,Sim,?,Sim,?,Sim,Sim,?,Sim,Aprovado
MPV 00663/2014,Não,P-NRV,?,Sim,P-NRV,Sim,P-NRV,?,Sim,Não,?,Não,Não,Não,Sim,?,P-NRV,Sim,Sim,Sim,Sim,?,Não,Não,Não,Não,Não,?,?,?,Não,Não,Não,Não,P-NRV,?,Sim,Não,?,P-NRV,Não,Sim,Não,Não,Não,P-NRV,Não,Não,Sim,?,Não,P-NRV,Não,Não,?,Sim,Não,Não,?,?,Não,Sim,P-NRV,Não,Não,Não,?,Sim,Não,Não,?,?,Não,Sim,Não,Sim,?,Não,?,?,Ncom,P-NRV,Não,Não,Sim,Não,Não,?,Não,Sim,P-NRV,Não,?,P-NRV,Não,P-NRV,?,Sim,Não,P-NRV,P-NRV,?,?,Rejeitado
MPV 00664/2014,P-NRV,Não,?,Não,Não,?,Sim,?,?,?,?,Não,Sim,Sim,Não,?,Sim,Não,Não,Sim,Não,?,Sim,Sim,Sim,Sim,?,?,?,?,Sim,Sim,Sim,Sim,Sim,?,Não,Sim,?,?,Sim,Sim,Sim,P-NRV,Sim,Sim,Sim,Sim,Não,?,?,Sim,Sim,Não,?,?,Sim,Sim,Sim,?,P-NRV,Sim,Não,Sim,Sim,Sim,?,Não,Sim,Sim,?,?,Sim,?,Sim,Não,?,?,?,?,Sim,Sim,Sim,Sim,Não,Sim,Sim,?,Não,Sim,Não,Sim,?,Sim,Sim,Sim,?,Sim,Sim,Sim,Não,?,Sim,Aprovado
MPV 00665/2014,Sim,Não,?,Não,Não,?,Sim,?,?,Não,?,Não,Sim,Sim,Não,?,P-NRV,Não,Sim,Sim,Não,?,Sim,Sim,Sim,Sim,Não,?,?,?,P-NRV,Sim,Sim,Sim,Não,?,Não,Sim,?,?,Sim,Sim,Sim,Sim,Sim,P-NRV,Não,P-NRV,Não,?,?,Não,Sim,P-NRV,?,?,Não,Não,Sim,?,Não,Não,Não,Não,Sim,Sim,?,Não,Não,Sim,?,?,Sim,Não,Sim,Não,Não,Não,?,?,Não,Sim,Não,Sim,Não,Sim,Sim,?,P-NRV,Sim,Não,Sim,?,Sim,Sim,Sim,?,Sim,Não,P-NRV,Não,?,Sim,Aprovado
MPV 00672/2015,Sim,Não,?,Não,?,Não,P-NRV,?,Não,Não,?,P-NRV,?,Sim,Não,?,Sim,Sim,Não,Não,Não,?,Sim,Sim,Sim,Sim,Não,?,?,?,Sim,P-NRV,Sim,P-NRV,Não,?,Não,Sim,?,P-NRV,P-NRV,Sim,Sim,Sim,P-NRV,Sim,Não,Sim,Não,?,Não,?,Sim,Não,?,Não,Não,Sim,Não,?,Não,P-NRV,P-NRV,Não,P-NRV,Sim,?,Não,Não,Sim,?,?,P-NRV,Não,Sim,Sim,?,Não,?,?,Não,Não,P-NRV,Sim,Não,Não,P-NRV,?,P-NRV,Não,P-NRV,P-NRV,?,Sim,P-NRV,Sim,?,Não,Não,?,Não,?,Não,Rejeitado
MPV 00677/2015,?,Não,?,Não,Sim,Não,Não,?,?,Não,?,Não,P-NRV,Não,Não,?,P-NRV,?,Sim,P-NRV,P-NRV,?,Não,Não,Não,Não,Não,?,?,?,Sim,Não,P-NRV,Não,P-NRV,?,Não,?,?,Não,Não,Não,Não,Não,Não,Não,Sim,Não,Sim,?,Não,Sim,Não,Não,?,Não,?,Sim,Não,?,P-NRV,Não,P-NRV,Não,Sim,Não,?,Não,Sim,Não,?,?,Não,Sim,Não,Sim,?,Não,?,?,Sim,Não,Não,Ncom,Sim,Não,Não,?,Não,Não,Não,Não,?,Não,Não,Não,?,Sim,Não,Não,Não,?,Não,Rejeitado
MPV 00678/2015,Não,P-NRV,?,Sim,Sim,Não,Sim,?,Não,?,?,Não,Não,Não,Sim,?,?,Sim,Sim,Sim,Não,?,Sim,Sim,Sim,Não,P-NRV,?,?,?,Não,?,P-NRV,Não,Não,?,Não,Sim,?,?,Sim,Não,Sim,Não,P-NRV,P-NRV,Não,Sim,Não,?,Não,P-NRV,Sim,Sim,?,Sim,Não,Sim,?,?,?,P-NRV,P-NRV,Não,Não,Não,?,Sim,Ncom,Sim,?,?,Não,Não,P-NRV,Sim,?,Não,?,?,Não,Não,Não,P-NRV,Não,Não,?,?,Não,Não,Sim,Sim,?,Não,P-NRV,Não,?,Não,Não,Sim,Não,?,Não,Rejeitado
MPV 00688/2015,Sim,Não,?,Não,?,P-NRV,P-NRV,?,?,P-NRV,?,P-NRV,Sim,Sim,Não,?,?,Sim,Não,Sim,Não,?,Sim,Sim,Sim,Sim,Não,?,?,?,Sim,Sim,?,Sim,Sim,?,Não,Sim,?,?,Sim,Sim,Sim,Sim,Sim,Sim,Não,Sim,Não,?,Sim,P-NRV,Sim,Não,?,Não,Sim,Sim,Sim,?,?,Sim,?,Sim,Sim,Sim,?,P-NRV,Sim,Sim,?,?,Sim,Não,Sim,Não,?,P-NRV,Não,?,P-NRV,Sim,Não,Sim,Não,Sim,Sim,?,Sim,Sim,Não,Sim,?,Sim,Sim,Sim,?,Sim,Sim,?,Sim,?,P-NRV,Aprovado
MPV 00692/2015,Sim,Sim,?,Sim,Não,P-NRV,?,Sim,Sim,Sim,?,Sim,Sim,Não,Sim,?,Sim,Sim,Sim,Sim,Sim,?,?,Sim,Sim,Sim,Sim,?,?,?,Sim,Sim,Sim,Sim,Sim,?,Sim,Sim,?,Sim,P-NRV,Sim,Sim,Não,Sim,P-NRV,Sim,?,Sim,?,Sim,Não,Sim,Sim,?,P-NRV,?,Sim,Sim,?,P-NRV,Sim,?,Sim,Sim,Sim,?,Não,Sim,Sim,?,?,Sim,Sim,Sim,Sim,?,?,Não,?,Não,Sim,Sim,P-NRV,Não,Sim,Sim,?,Sim,Não,Sim,Sim,?,?,Sim,Sim,?,Não,?,Sim,Não,?,P-NRV,Aprovado
MPV 00693/2015,Sim,?,?,Não,P-NRV,Sim,?,Sim,Não,Sim,?,Não,Sim,Sim,?,?,Sim,P-NRV,?,?,?,?,?,Sim,?,Sim,?,?,?,?,Sim,Sim,Sim,P-NRV,P-NRV,?,Não,Sim,?,P-NRV,Sim,Sim,Sim,Sim,?,Sim,Sim,?,Não,?,Sim,?,Sim,?,?,Sim,Sim,Sim,Sim,?,Sim,Sim,?,Sim,Sim,?,?,?,Sim,Sim,?,?,Sim,P-NRV,Sim,Não,P-NRV,Não,Não,?,Sim,?,Sim,Sim,?,Sim,Sim,?,Sim,Sim,Não,Sim,?,Sim,Sim,?,?,Sim,Sim,Sim,Sim,?,Não,Aprovado
MPV 00696/2015,Sim,P-NRV,?,P-NRV,P-NRV,?,?,P-NRV,P-NRV,Não,?,P-NRV,Sim,Sim,P-NRV,?,Sim,P-NRV,P-NRV,P-NRV,P-NRV,?,?,Sim,Não,P-NRV,P-NRV,?,?,?,P-NRV,P-NRV,?,Não,P-NRV,?,P-NRV,Sim,?,P-NRV,Sim,P-NRV,Sim,P-NRV,Sim,Sim,Não,?,P-NRV,?,?,P-NRV,Sim,P-NRV,?,P-NRV,Não,Sim,Não,?,Não,Sim,?,Sim,Sim,Sim,?,?,?,Sim,?,?,P-NRV,P-NRV,Sim,Não,P-NRV,Não,?,?,P-NRV,?,Não,Sim,Não,P-NRV,Sim,?,Não,?,P-NRV,Sim,?,P-NRV,Sim,Sim,?,Não,Sim,Sim,Não,?,P-NRV,Aprovado
OFS 00088/2015,Sim,Sim,?,Sim,?,Sim,Sim,?,?,Sim,?,Sim,Sim,Sim,Sim,?,?,Sim,Sim,Sim,Sim,?,?,Sim,Sim,Sim,Sim,?,?,?,Sim,Sim,?,Sim,Sim,?,Sim,Sim,?,?,Sim,Sim,Sim,Sim,Sim,Sim,Sim,Sim,Sim,?,Sim,Sim,Sim,Sim,?,Sim,Sim,Sim,Sim,?,Sim,Sim,?,Sim,Sim,Sim,?,Sim,Sim,Sim,?,?,Sim,Sim,Sim,Sim,?,Sim,Sim,?,Sim,Não,Sim,Sim,Sim,Sim,Sim,?,Sim,Sim,Sim,Sim,?,Sim,Sim,Sim,?,Sim,Sim,?,Sim,?,Sim,Rejeitado
PDS 00347/2015,Sim,Sim,?,Sim,?,Sim,Sim,?,?,Sim,?,Sim,Sim,P-NRV,Sim,?,?,Sim,Sim,P-NRV,Sim,?,Sim,P-NRV,P-NRV,P-NRV,Sim,?,?,?,Sim,Sim,?,P-NRV,P-NRV,?,Sim,Sim,?,?,Sim,Sim,Sim,Sim,P-NRV,Sim,Sim,Sim,Sim,?,Sim,Sim,Sim,P-NRV,?,Sim,Sim,Sim,Sim,?,?,P-NRV,?,Sim,Sim,P-NRV,?,Sim,Sim,Sim,?,?,P-NRV,Sim,Sim,Sim,?,P-NRV,Sim,?,Sim,Sim,Sim,P-NRV,Sim,P-NRV,Sim,?,Sim,Sim,Sim,Sim,?,Sim,Sim,Sim,?,Sim,Sim,?,Sim,?,Sim,Aprovado
PEC 00003/2016,P-NRV,Sim,?,Sim,Sim,Sim,?,?,Sim,Sim,?,Sim,Sim,Sim,Sim,?,Sim,Sim,Sim,?,Sim,?,?,?,Não,Sim,Sim,?,?,?,Sim,Sim,P-NRV,Sim,Sim,?,Sim,Sim,?,Sim,Não,Sim,Não,Sim,?,Sim,Sim,Sim,Sim,?,Sim,Sim,Não,Sim,?,Sim,?,Sim,Sim,?,Sim,Sim,?,Sim,?,Sim,?,Sim,P-NRV,Sim,?,?,Sim,Sim,Sim,Não,?,Sim,Sim,?,?,Sim,Sim,Sim,Sim,Sim,Sim,?,Sim,Sim,Sim,Sim,?,Sim,Sim,?,?,Sim,Sim,Sim,Sim,?,?,Aprovado
PEC 00007/2015,Sim,Sim,?,?,P-NRV,Sim,Sim,?,Sim,P-NRV,?,Sim,Sim,Sim,Sim,?,Sim,Sim,?,Sim,P-NRV,?,Sim,Sim,Sim,Sim,Sim,?,?,?,Sim,Sim,Sim,Sim,?,?,Sim,Sim,?,Sim,P-NRV,Sim,Sim,Sim,Sim,P-NRV,Sim,?,Sim,?,?,Sim,Sim,Sim,?,Sim,Sim,Sim,Sim,?,Sim,?,P-NRV,Sim,Sim,Sim,?,?,Sim,Sim,?,?,Sim,Sim,Sim,Sim,Ncom,Sim,?,?,P-NRV,Sim,Sim,Sim,Sim,Sim,Sim,?,P-NRV,Sim,Sim,P-NRV,?,Sim,Sim,Sim,?,Sim,Sim,Sim,Sim,?,P-NRV,Aprovado
PEC 00030/2014,Sim,Sim,?,Sim,Sim,Sim,?,Sim,Sim,Sim,Sim,Sim,Sim,?,P-NRV,Sim,Sim,Sim,Sim,Sim,Sim,?,?,?,?,Sim,Sim,Sim,Sim,?,Sim,Sim,Sim,Sim,Sim,?,Sim,Sim,?,Sim,Sim,Sim,Sim,Sim,P-NRV,P-NRV,Sim,Sim,Sim,Sim,Sim,Sim,Sim,?,P-NRV,Sim,Sim,Sim,Sim,?,Sim,?,?,Sim,Sim,P-NRV,?,Sim,Sim,Sim,Sim,?,Sim,Sim,Sim,Sim,?,Sim,Sim,Sim,Sim,Sim,Sim,?,Sim,Sim,?,?,Sim,Sim,Sim,Sim,?,Sim,Sim,P-NRV,?,Sim,?,Sim,Sim,?,Sim,Aprovado
PEC 00031/2016,Sim,Sim,?,Sim,P-NRV,Sim,?,Não,Sim,Sim,Sim,Sim,Sim,?,Sim,Sim,Sim,P-NRV,Sim,Sim,Sim,?,?,?,?,Sim,Sim,Sim,Sim,?,Sim,P-NRV,Não,Sim,Sim,?,Sim,Sim,?,Sim,Não,Sim,Não,Sim,P-NRV,P-NRV,Não,P-NRV,Sim,Sim,Sim,Sim,Não,?,Sim,Sim,Não,Não,Sim,?,Sim,?,Sim,?,Sim,Sim,?,Sim,Não,Não,Sim,?,Sim,P-NRV,Não,Não,?,Sim,?,Sim,P-NRV,Sim,Sim,Sim,Sim,Sim,?,?,?,Sim,Sim,Sim,?,Sim,Não,Sim,?,Sim,?,Sim,P-NRV,?,Sim,Aprovado
PEC 00032/2010,Sim,Sim,?,Sim,P-NRV,Sim,Sim,?,Sim,P-NRV,?,Sim,Sim,P-NRV,P-NRV,?,P-NRV,P-NRV,?,P-NRV,Sim,?,Sim,Sim,Sim,P-NRV,Sim,?,?,?,Sim,P-NRV,Sim,Sim,P-NRV,Sim,Sim,Sim,?,P-NRV,?,Sim,P-NRV,Sim,?,P-NRV,P-NRV,P-NRV,Sim,?,?,Sim,Sim,Sim,?,Sim,Sim,Sim,Sim,Sim,Sim,P-NRV,P-NRV,Sim,P-NRV,Não,?,?,Sim,Sim,?,?,Sim,Sim,Sim,Sim,Ncom,Sim,?,?,Sim,Sim,Sim,P-NRV,?,Sim,Sim,?,Sim,Sim,Sim,P-NRV,?,Sim,P-NRV,P-NRV,?,Sim,Sim,Sim,Sim,?,P-NRV,Aprovado
PEC 00033/2014,Sim,Sim,?,?,P-NRV,?,?,?,Sim,Sim,?,Sim,Sim,Sim,Sim,?,Sim,Sim,Sim,Sim,Sim,?,Sim,Sim,P-NRV,Sim,Sim,?,?,?,P-NRV,P-NRV,P-NRV,Sim,Sim,?,Sim,?,?,Sim,Sim,Sim,Sim,Sim,Sim,Sim,Sim,Sim,Sim,?,Sim,P-NRV,Sim,Sim,?,Sim,?,Sim,P-NRV,?,?,Sim,P-NRV,Sim,Sim,Sim,?,Sim,Sim,Sim,?,?,Sim,Sim,Sim,Sim,?,Sim,?,?,P-NRV,P-NRV,Sim,Sim,Sim,Sim,Sim,?,Sim,Sim,Sim,Sim,?,Sim,Sim,Sim,?,Sim,Sim,Sim,Sim,?,?,Aprovado
PEC 00040/2011,Sim,Sim,?,P-NRV,P-NRV,Sim,Sim,?,Sim,Sim,?,Sim,Sim,Sim,Sim,?,Não,?,?,Sim,Sim,?,Sim,Sim,Sim,Sim,Sim,?,?,?,Sim,Sim,?,Sim,P-NRV,?,Sim,Sim,?,?,Sim,Sim,Sim,Sim,?,P-NRV,Sim,Sim,Sim,?,Sim,Não,Sim,Sim,?,Sim,Sim,Não,Sim,Sim,Sim,P-NRV,P-NRV,Sim,Sim,Sim,?,?,Sim,Sim,?,?,Sim,Sim,Sim,Sim,?,P-NRV,?,?,Sim,Sim,Sim,P-NRV,Sim,Sim,Sim,?,?,Sim,Sim,Sim,?,Sim,?,Sim,?,Sim,Sim,Sim,Sim,?,Sim,Aprovado
PEC 00043/2012,Sim,Sim,?,Sim,Sim,Sim,?,Sim,Sim,?,Sim,Sim,Sim,?,?,Sim,Sim,Sim,Sim,Sim,Sim,?,?,?,?,P-NRV,Sim,Sim,Sim,?,Sim,Sim,Sim,P-NRV,P-NRV,?,Sim,Sim,?,Sim,Sim,?,Sim,Sim,?,P-NRV,Sim,Sim,Sim,Sim,?,Sim,Sim,?,Sim,Sim,Sim,Sim,Sim,?,Sim,?,?,Sim,Sim,Sim,?,Sim,Sim,Sim,Sim,?,Sim,Sim,Sim,Sim,?,Sim,?,Sim,P-NRV,Sim,P-NRV,P-NRV,Sim,?,?,?,P-NRV,Sim,Sim,Sim,?,Sim,Sim,P-NRV,?,Sim,?,P-NRV,Sim,?,P-NRV,Aprovado
PEC 00074/2013,Sim,Sim,?,Sim,Sim,Sim,Sim,?,Sim,Sim,?,Sim,Sim,P-NRV,Sim,?,P-NRV,Sim,Sim,Sim,Sim,?,Sim,P-NRV,Sim,Sim,Sim,?,?,?,Sim,Sim,Sim,P-NRV,Sim,?,Sim,?,?,P-NRV,?,Sim,Sim,Sim,Sim,Sim,Sim,?,Sim,?,?,Sim,Sim,Sim,?,Sim,Sim,Sim,P-NRV,?,Sim,Sim,Sim,Sim,Sim,Sim,?,Sim,Sim,Sim,?,?,Sim,Sim,Sim,Sim,?,Sim,?,?,Sim,Ncom,P-NRV,Sim,Sim,P-NRV,Sim,?,P-NRV,Sim,Sim,Sim,?,Sim,Sim,Sim,?,Sim,Sim,Sim,P-NRV,?,P-NRV,Aprovado
PEC 00078/2013,Sim,Sim,?,Sim,Sim,Sim,Sim,?,Sim,Sim,?,Sim,Sim,Sim,Sim,?,Sim,Sim,Sim,Sim,Sim,?,Sim,Sim,Sim,Sim,Sim,?,?,?,Sim,Sim,Sim,Sim,Sim,?,Sim,Sim,?,Sim,Sim,Sim,Sim,Sim,Sim,Sim,Sim,Sim,Sim,?,P-NRV,Sim,Sim,Sim,?,Sim,Sim,Sim,Sim,?,?,Sim,P-NRV,Sim,Sim,Sim,?,Sim,Sim,Sim,?,?,Sim,Sim,Sim,Sim,?,Sim,?,?,P-NRV,Sim,Sim,Sim,Sim,Sim,Sim,?,Sim,Sim,Sim,Sim,?,P-NRV,Sim,Sim,?,Sim,Sim,Sim,Sim,?,Sim,Aprovado
PEC 00084/2015,Sim,Sim,?,Sim,P-NRV,Sim,Sim,?,Sim,Sim,?,P-NRV,Sim,Sim,Sim,?,Sim,Sim,Sim,Sim,Sim,?,Sim,Sim,Sim,Sim,Sim,?,?,?,Sim,Sim,Sim,Sim,Sim,?,Sim,Sim,?,Sim,Sim,Sim,Sim,Sim,Sim,P-NRV,Sim,Sim,Sim,?,Sim,Sim,Sim,Sim,?,Sim,Sim,Sim,Sim,?,Sim,Sim,P-NRV,P-NRV,Sim,Sim,?,Sim,Sim,Sim,?,?,Sim,Sim,P-NRV,Sim,?,Sim,?,?,Sim,Sim,Sim,Sim,Sim,Sim,Sim,?,Sim,Sim,P-NRV,Sim,?,Sim,Sim,Sim,?,Sim,Sim,Sim,?,?,Sim,Aprovado
PEC 00098/2015,Sim,Sim,?,Não,P-NRV,Sim,Sim,?,Sim,Sim,?,Sim,Sim,Sim,Sim,?,Sim,Sim,Não,Sim,Sim,?,Sim,Sim,Sim,Sim,Sim,?,?,?,Sim,Sim,Sim,Sim,Sim,?,Sim,Sim,?,Sim,Sim,Sim,Sim,Sim,Sim,Sim,Sim,Sim,Sim,?,Sim,Sim,Sim,P-NRV,?,Sim,Sim,Sim,Sim,?,Não,Sim,P-NRV,Sim,Sim,Sim,?,Sim,Sim,Sim,?,?,Sim,Sim,Sim,Sim,?,Sim,?,?,Sim,Sim,Sim,Sim,Sim,Sim,Sim,?,Sim,Sim,Sim,Sim,?,Sim,Sim,P-NRV,?,Sim,Sim,Sim,Sim,?,P-NRV,Aprovado
PEC 00099/2015,Sim,Sim,?,Sim,Sim,Sim,Sim,?,Sim,Sim,?,Sim,Sim,Sim,Sim,?,Sim,Sim,Sim,Sim,Sim,?,?,?,?,P-NRV,Sim,?,?,?,Sim,Sim,P-NRV,?,Sim,?,P-NRV,Sim,?,?,Sim,?,Sim,Sim,P-NRV,?,Sim,?,Sim,?,Sim,Sim,Sim,Sim,?,Sim,Sim,Sim,Sim,?,Sim,Sim,?,Sim,Sim,Sim,?,Sim,Sim,Sim,?,?,Sim,Sim,Sim,Sim,?,Sim,Sim,?,Sim,?,Sim,Sim,Sim,Sim,?,?,Sim,Sim,?,P-NRV,?,Sim,?,Sim,?,Sim,Sim,Sim,Sim,?,P-NRV,Aprovado
PEC 00113/2015,Sim,Sim,?,Sim,Sim,Sim,Sim,?,Sim,Sim,?,Sim,Sim,Sim,Sim,?,Sim,Sim,Sim,P-NRV,Sim,?,?,?,?,Sim,Sim,?,?,?,Sim,Sim,Sim,?,Sim,?,Sim,Sim,?,?,Sim,?,Sim,Sim,P-NRV,?,Sim,?,Sim,?,Sim,Sim,Sim,Sim,?,Sim,Sim,Sim,Sim,?,Sim,Sim,?,Sim,Sim,Sim,?,Sim,Sim,Sim,?,?,Sim,Sim,Sim,Sim,?,Sim,Sim,?,Sim,?,Sim,Sim,Sim,Sim,?,?,Sim,Sim,?,P-NRV,?,Sim,?,Sim,?,Sim,Sim,Sim,Sim,?,P-NRV,Aprovado
PEC 00128/2015,Sim,Sim,?,Sim,P-NRV,Sim,?,Sim,Sim,Sim,?,P-NRV,Sim,Sim,Sim,?,Sim,Sim,Sim,Sim,Sim,?,?,Sim,Sim,Sim,Sim,?,?,?,Sim,Sim,Sim,Sim,Sim,?,P-NRV,Sim,?,P-NRV,Sim,Sim,Sim,Sim,?,P-NRV,P-NRV,Sim,Sim,?,Sim,P-NRV,Sim,P-NRV,?,Sim,Sim,Sim,Sim,?,Sim,P-NRV,?,Sim,Sim,Sim,?,Sim,Sim,Sim,?,?,Sim,Sim,Sim,Sim,?,Sim,P-NRV,?,Sim,Sim,Sim,Sim,Sim,Sim,P-NRV,?,Sim,Sim,Sim,Sim,?,Sim,Sim,P-NRV,?,Sim,Sim,Sim,Sim,?,P-NRV,Aprovado
PEC 00133/2015,Sim,Sim,?,?,Sim,P-NRV,?,Sim,Sim,?,?,Sim,?,?,Sim,?,Sim,Sim,Sim,Sim,Ncom,?,?,P-NRV,?,Sim,?,?,?,?,Sim,Sim,P-NRV,Sim,Sim,?,Sim,Sim,?,P-NRV,Sim,?,P-NRV,Sim,?,Sim,Sim,?,Sim,?,?,Sim,P-NRV,P-NRV,?,Sim,Sim,P-NRV,Sim,?,Sim,Sim,?,Sim,Sim,Sim,?,Sim,?,P-NRV,?,?,Sim,Sim,Sim,Sim,Ncom,Sim,Sim,?,Sim,Sim,Sim,Sim,Sim,Sim,Sim,?,Sim,Sim,Sim,?,?,Sim,P-NRV,Sim,?,Sim,Sim,Sim,Sim,?,?,Aprovado
PEC 00143/2015,?,Sim,?,Sim,Sim,Sim,?,Sim,Sim,Sim,?,Sim,Não,Sim,Sim,?,Sim,Não,Sim,Sim,Sim,?,?,Sim,Sim,Sim,Sim,?,?,?,Sim,Sim,Não,Sim,Não,?,Sim,Sim,?,P-NRV,Não,Não,Sim,Sim,?,P-NRV,Não,Sim,Sim,?,Sim,Sim,Sim,Sim,?,Sim,Não,Não,Sim,?,Sim,P-NRV,?,Sim,Sim,Sim,?,Sim,Não,Não,?,?,Sim,Não,Não,Não,?,Sim,Sim,?,Não,?,Sim,Sim,Sim,Sim,?,?,Sim,Não,Sim,Sim,?,P-NRV,Não,Sim,?,Sim,Sim,Sim,?,?,Sim,Aprovado
PEC 00152/2015,?,Sim,?,Sim,P-NRV,Sim,?,P-NRV,Sim,Sim,?,Sim,Sim,Sim,Sim,?,Sim,P-NRV,Sim,Sim,Sim,?,?,Sim,P-NRV,Sim,Sim,?,?,?,Sim,Sim,Sim,Sim,P-NRV,?,Sim,Sim,?,P-NRV,Sim,Sim,Sim,Sim,?,P-NRV,Sim,Sim,Sim,?,Sim,Sim,Sim,Sim,?,Sim,Sim,Sim,Sim,?,P-NRV,P-NRV,?,Sim,P-NRV,Sim,?,Sim,Sim,Sim,?,?,Sim,Sim,Sim,Sim,?,Sim,Sim,?,P-NRV,?,Sim,Sim,Sim,Sim,?,?,Sim,Sim,Sim,Sim,?,Sim,Sim,P-NRV,?,Sim,Sim,Sim,?,?,P-NRV,Aprovado
PEC 00159/2015,Sim,Sim,?,Sim,Sim,Sim,?,Sim,Sim,?,Não,Sim,Sim,?,Sim,?,Sim,Sim,Sim,P-NRV,Sim,?,?,?,?,Sim,Não,P-NRV,Sim,?,Sim,Sim,Sim,Sim,P-NRV,?,P-NRV,Sim,?,Sim,Não,Sim,Sim,Não,Sim,Sim,Sim,Sim,Sim,Sim,?,Sim,Não,?,P-NRV,Sim,Sim,Não,Sim,?,Sim,?,?,Sim,Sim,P-NRV,?,Sim,Sim,Sim,Sim,?,Sim,Sim,Sim,P-NRV,?,Sim,?,Sim,Não,Sim,Sim,Sim,Não,?,?,?,Sim,Sim,P-NRV,Sim,?,Sim,Sim,P-NRV,?,Sim,?,Não,Sim,?,Sim,Aprovado
PLC 00002/2015,Sim,P-NRV,?,?,P-NRV,Não,Sim,?,Não,Sim,?,Não,Sim,P-NRV,Não,?,Sim,Sim,?,Sim,Sim,?,Sim,Sim,Não,Sim,Sim,?,?,?,Não,P-NRV,Sim,Sim,?,?,Não,Não,?,Sim,Sim,Sim,Sim,P-NRV,Não,Sim,Sim,?,Não,?,?,Não,Sim,P-NRV,?,Sim,Sim,Sim,Sim,?,P-NRV,?,P-NRV,Sim,Sim,Sim,?,?,Sim,Sim,?,?,Não,Sim,Sim,Sim,Ncom,Não,?,?,Sim,Sim,Sim,Sim,Não,P-NRV,P-NRV,?,Sim,Não,Sim,Sim,?,Sim,Sim,Não,?,Não,Sim,P-NRV,Não,?,P-NRV,Aprovado
PLC 00007/2016,Não,Não,?,Não,P-NRV,Não,?,P-NRV,Não,P-NRV,Não,Não,Não,?,Não,Sim,Não,Sim,P-NRV,P-NRV,?,?,?,?,?,Não,Ncom,Não,Não,?,Não,Não,Sim,Não,P-NRV,?,Não,P-NRV,?,?,Sim,Não,Não,Sim,P-NRV,P-NRV,Não,P-NRV,P-NRV,P-NRV,Sim,Não,Não,?,?,Não,P-NRV,Sim,Sim,?,Não,?,?,P-NRV,?,Não,?,Não,Sim,Sim,Sim,?,Não,Sim,Sim,Sim,?,Não,?,P-NRV,P-NRV,P-NRV,Não,P-NRV,Não,P-NRV,?,?,?,Não,Não,Não,?,Não,Sim,P-NRV,?,Não,?,Não,Ncom,?,Não,Rejeitado
PLC 00015/2015,Sim,Sim,?,Sim,Sim,Sim,Sim,?,Sim,Sim,?,Sim,Sim,Sim,Sim,?,Sim,Sim,?,Sim,Sim,?,Sim,Sim,Sim,?,Sim,?,?,?,Sim,Sim,Sim,Sim,Sim,?,Sim,Sim,?,Sim,Sim,Sim,Sim,Sim,Sim,Sim,Sim,Sim,Sim,?,Sim,Sim,Sim,Sim,?,Sim,Sim,Sim,Sim,?,Sim,Sim,P-NRV,Sim,Sim,Sim,?,Sim,Sim,Sim,?,?,Sim,Sim,Sim,Sim,?,Sim,?,?,Sim,Sim,Sim,Sim,Sim,Sim,Sim,?,Sim,Sim,Sim,Sim,?,Sim,Sim,Sim,?,Sim,Sim,Sim,Sim,?,Sim,Aprovado
PLC 00023/2015,Sim,Sim,?,Sim,Sim,Sim,P-NRV,?,Sim,Sim,?,Sim,P-NRV,Sim,Sim,?,Sim,Sim,Sim,P-NRV,P-NRV,?,?,?,?,Sim,P-NRV,?,?,?,Sim,Sim,Sim,?,Sim,?,Sim,Sim,?,?,Sim,?,Sim,P-NRV,P-NRV,?,P-NRV,?,Sim,?,Sim,Sim,Sim,Sim,?,Sim,Sim,P-NRV,Sim,?,Sim,P-NRV,?,Sim,Sim,Sim,?,Sim,Sim,Sim,?,?,Sim,Sim,Sim,Sim,Ncom,Sim,Sim,?,Não,?,Sim,?,P-NRV,P-NRV,?,?,Sim,Sim,?,P-NRV,?,Sim,?,Sim,?,P-NRV,Sim,P-NRV,Sim,?,Sim,Aprovado
PLC 00026/2015,Sim,Sim,?,Sim,Sim,Sim,Sim,?,Sim,?,?,Sim,Sim,Sim,Sim,?,Sim,Sim,Sim,Sim,Sim,?,Sim,Sim,Sim,Sim,Sim,?,?,?,Sim,Sim,?,Sim,?,?,Sim,Sim,?,Sim,Sim,Sim,Sim,Sim,Sim,Sim,Sim,Sim,Sim,?,Sim,Sim,Sim,Sim,?,Sim,Sim,Sim,Sim,?,Ncom,Sim,?,Sim,Sim,Sim,?,Sim,Sim,Sim,?,?,Sim,Sim,Sim,Sim,?,Sim,Sim,?,Sim,Sim,Sim,Sim,Sim,Sim,Sim,?,P-NRV,Sim,Sim,Sim,?,Sim,Sim,Sim,?,Sim,Sim,Sim,?,?,?,Aprovado
PLC 00057/2015,Sim,Não,?,Não,Não,Não,Sim,?,Não,Não,?,Não,Sim,Sim,Não,?,?,Ncom,Não,Não,Não,?,Sim,Sim,P-NRV,Sim,P-NRV,?,?,?,Sim,Sim,Sim,Sim,Não,?,Não,Sim,?,Sim,P-NRV,Sim,Sim,P-NRV,?,Sim,Não,Sim,Não,?,Sim,Não,Sim,Não,?,Não,Sim,Sim,Sim,?,Não,Sim,P-NRV,Sim,Sim,Sim,?,Não,Sim,Sim,?,?,Sim,Sim,Sim,Não,?,Não,?,?,Não,Sim,Não,Sim,Não,Sim,Sim,?,Sim,Sim,Não,Sim,?,Sim,Sim,Sim,?,Sim,Sim,Sim,Não,?,Sim,Aprovado
PLC 00075/2015,P-NRV,Não,?,Não,P-NRV,Não,P-NRV,?,Não,Sim,?,Não,Sim,Não,Não,?,?,Sim,Não,Sim,Não,?,Sim,Sim,Não,Não,Não,?,?,?,Sim,Sim,Sim,Sim,Não,?,Não,?,?,?,Sim,Sim,Ncom,Não,P-NRV,Não,Sim,Sim,Não,?,Não,Sim,Sim,Não,?,Sim,Sim,Sim,Sim,?,Não,P-NRV,P-NRV,Sim,Sim,Não,?,Não,Sim,Sim,?,?,Não,Sim,Sim,Sim,?,Não,?,?,Sim,Sim,Sim,Sim,Não,P-NRV,P-NRV,?,?,Sim,Não,Sim,?,Não,Sim,Não,?,Sim,Sim,Não,Não,?,Não,Aprovado
PLC 00101/2015,Sim,Sim,?,Sim,P-NRV,Sim,P-NRV,?,?,Não,?,P-NRV,P-NRV,P-NRV,Sim,?,Sim,Não,Sim,Sim,Sim,?,Sim,Não,Sim,P-NRV,Sim,?,?,?,Sim,Sim,Não,Não,P-NRV,?,Sim,Sim,?,P-NRV,Não,?,Não,P-NRV,?,?,Não,P-NRV,?,?,P-NRV,Sim,Sim,Sim,?,Sim,Não,Não,P-NRV,?,Não,?,?,Sim,?,Sim,?,Sim,Não,Não,?,?,Sim,Não,Não,Não,?,Sim,?,?,?,Ncom,P-NRV,P-NRV,Sim,Sim,Sim,?,P-NRV,Sim,Sim,Não,?,Sim,Não,Sim,?,Sim,?,Sim,P-NRV,?,P-NRV,Aprovado
PLC 00125/2015,Sim,Sim,?,Sim,Sim,Sim,?,Sim,Sim,Sim,Sim,Sim,Sim,?,Sim,Sim,Sim,Sim,Sim,Sim,Sim,?,?,?,?,Sim,Sim,Sim,Sim,?,Sim,Sim,Sim,Sim,Sim,?,Sim,Sim,?,P-NRV,Sim,Sim,Sim,Sim,?,Sim,Sim,Sim,Sim,Sim,Sim,Sim,Sim,?,Sim,Sim,Sim,Sim,Sim,?,Sim,?,?,Sim,Sim,Sim,?,?,Sim,Sim,Sim,?,Sim,Sim,Sim,Sim,P-NRV,Sim,?,Sim,Sim,Sim,Sim,Sim,Sim,Sim,?,?,Sim,Sim,Sim,Sim,?,Sim,Sim,Sim,?,Sim,?,Sim,Sim,?,P-NRV,Aprovado
PLC 00167/2015,Sim,?,?,Sim,Sim,Sim,?,Sim,Sim,P-NRV,?,Sim,Sim,Sim,Sim,?,Sim,?,Sim,Sim,Sim,?,?,Sim,P-NRV,P-NRV,Sim,?,?,?,Sim,Sim,P-NRV,Sim,Sim,?,Sim,Sim,?,Sim,Sim,?,P-NRV,Sim,?,Sim,P-NRV,?,Sim,?,Sim,Sim,Sim,?,?,Sim,Sim,Sim,Sim,?,Sim,Sim,?,Sim,Sim,?,?,Sim,Sim,Sim,?,?,Sim,Sim,Sim,Sim,?,Sim,Sim,?,P-NRV,Sim,Sim,Sim,P-NRV,P-NRV,?,?,Sim,Sim,Sim,Sim,?,Sim,Sim,P-NRV,?,Sim,Sim,Sim,P-NRV,?,?,Rejeitado
PLC 00186/2015,Sim,Não,?,Não,Não,Sim,Sim,?,Não,?,?,Não,Sim,Sim,Não,?,P-NRV,Não,Não,Não,Não,?,?,Sim,Sim,?,Não,?,?,?,P-NRV,Sim,Sim,Sim,Não,?,Não,Sim,?,Sim,Sim,Sim,Sim,P-NRV,Sim,Sim,Não,Sim,Não,?,Sim,Não,Sim,Sim,?,Não,Sim,Sim,Não,?,?,P-NRV,?,Sim,?,Sim,?,Não,Sim,Sim,?,?,Sim,Sim,Sim,Não,?,Não,Não,?,?,Sim,Não,Sim,Não,Sim,Sim,?,Sim,Não,Sim,Sim,?,Sim,Sim,Sim,?,Não,Sim,P-NRV,Não,?,?,Aprovado
PLS 00078/2015,?,Sim,?,Sim,Sim,Sim,?,Sim,Sim,Sim,?,Sim,P-NRV,Sim,Sim,?,Sim,Sim,Sim,Sim,Sim,?,?,Sim,?,Sim,Sim,?,?,?,Sim,Sim,Sim,Sim,Sim,?,Sim,Sim,?,Sim,Sim,Sim,Sim,Sim,?,Sim,Sim,Sim,Sim,?,?,Sim,Sim,Sim,?,Sim,Sim,Sim,Sim,?,?,?,?,Sim,?,Sim,?,Sim,P-NRV,Sim,?,?,Sim,Sim,Sim,Sim,?,Sim,?,?,Sim,P-NRV,Sim,Sim,?,P-NRV,Sim,?,Sim,Sim,Sim,Sim,?,Sim,Sim,Sim,?,Sim,Sim,Sim,Sim,?,Sim,Aprovado
PLS 00130/2014,Sim,Sim,?,Não,Sim,Sim,Sim,?,Sim,Sim,?,Sim,P-NRV,Sim,Sim,?,Sim,P-NRV,?,Sim,Sim,?,Sim,Sim,Sim,Sim,Sim,?,?,?,Sim,Sim,Sim,Sim,P-NRV,P-NRV,Sim,Sim,?,Sim,Sim,Sim,Sim,Sim,?,Sim,Sim,Sim,Sim,?,?,Sim,Sim,Não,?,Não,Sim,Não,Sim,?,Sim,Não,P-NRV,Não,Sim,Sim,?,?,?,Sim,?,?,Sim,Sim,Sim,Sim,?,Sim,?,?,Sim,Sim,Não,Sim,Sim,Sim,Sim,?,Sim,Sim,Sim,?,?,Sim,Sim,Sim,?,Sim,Sim,Sim,Sim,?,Sim,Aprovado
PLS 00131/2015,Sim,Não,?,Não,P-NRV,Não,?,Sim,Não,Sim,?,P-NRV,Sim,Não,Não,?,P-NRV,Sim,Não,Sim,Sim,?,?,Sim,Não,Sim,P-NRV,?,?,?,Sim,Não,Sim,Não,Não,?,Não,Não,?,Não,Sim,Sim,Sim,Não,Sim,P-NRV,Sim,?,P-NRV,?,P-NRV,Não,Sim,Não,?,Sim,?,Sim,Não,?,P-NRV,Sim,?,Não,Não,Não,?,Não,Sim,Sim,?,?,P-NRV,Sim,Sim,Sim,?,?,Não,?,Sim,Não,Sim,Não,Não,Não,Não,?,Não,Sim,Não,Sim,?,Não,Sim,P-NRV,?,Não,?,Sim,Não,?,P-NRV,Rejeitado
PLS 00141/2014,Sim,Sim,?,Sim,Sim,Sim,Sim,?,Sim,Sim,?,Sim,Sim,?,Sim,?,Sim,?,Sim,Sim,Sim,?,?,Sim,Sim,Sim,Sim,?,?,?,Sim,Sim,P-NRV,Sim,P-NRV,?,P-NRV,?,?,Sim,Sim,Sim,Sim,P-NRV,?,P-NRV,Sim,?,Sim,?,?,Sim,Sim,Sim,?,Sim,Sim,Sim,Sim,?,Sim,P-NRV,?,Sim,?,Sim,?,Sim,P-NRV,Sim,?,?,Sim,Sim,Sim,Sim,P-NRV,Sim,Sim,?,Sim,?,Sim,Sim,Sim,Sim,Sim,?,Sim,Sim,Sim,Sim,?,Sim,Sim,Sim,?,Sim,Sim,P-NRV,?,?,Sim,Aprovado
PLS 00201/2013,Sim,Sim,?,P-NRV,P-NRV,Sim,P-NRV,?,Sim,Sim,?,Sim,P-NRV,Sim,Sim,?,P-NRV,?,?,Sim,Sim,?,P-NRV,Sim,Sim,Sim,Sim,?,?,?,Sim,Sim,Sim,Sim,Sim,?,Sim,Sim,?,?,Sim,P-NRV,Sim,Sim,?,Sim,Sim,Sim,P-NRV,?,P-NRV,Não,Sim,P-NRV,?,Sim,Sim,Sim,P-NRV,Sim,Sim,Sim,P-NRV,P-NRV,Sim,Sim,?,?,Sim,Sim,?,?,Sim,Sim,Sim,Sim,?,Sim,?,?,Sim,Sim,Sim,Sim,Sim,Sim,P-NRV,?,?,Sim,Sim,Sim,?,Sim,?,P-NRV,?,Sim,Sim,Sim,Sim,?,P-NRV,Aprovado
PLS 00274/2015,Sim,Sim,?,Sim,Sim,Sim,Sim,?,Sim,Sim,?,?,Sim,Sim,Sim,?,Sim,Sim,Sim,Sim,P-NRV,?,Sim,Sim,Sim,Sim,Sim,?,?,?,Sim,Sim,P-NRV,Sim,Sim,?,Sim,Sim,?,P-NRV,Sim,Sim,Sim,Sim,Sim,P-NRV,P-NRV,Sim,Sim,?,Sim,Sim,Sim,Sim,?,Sim,P-NRV,Sim,Sim,?,Sim,P-NRV,P-NRV,Sim,Sim,Sim,?,Sim,Sim,Sim,?,?,Sim,Não,Sim,Sim,?,Sim,?,?,Sim,?,Sim,Sim,Sim,?,P-NRV,?,Sim,Sim,Sim,Sim,?,Sim,Não,P-NRV,?,Sim,Sim,?,Sim,?,P-NRV,Aprovado
PLS 00316/2015,?,Sim,?,Sim,Sim,Sim,?,Sim,Sim,Sim,?,Sim,Sim,Sim,Sim,?,Sim,Sim,Sim,Sim,Sim,?,?,Sim,Sim,Sim,Sim,?,?,?,Sim,Sim,Sim,Sim,P-NRV,?,Sim,Sim,?,P-NRV,Sim,Sim,Sim,Sim,?,P-NRV,Sim,Sim,Sim,?,?,Sim,Sim,Sim,?,Sim,Sim,Sim,Sim,?,Sim,Sim,?,Sim,Sim,Sim,?,Sim,Sim,Sim,?,?,Sim,Sim,Sim,Não,?,Sim,P-NRV,?,Sim,Sim,Sim,Sim,Sim,Sim,Sim,?,Sim,Sim,Sim,Sim,?,Sim,Sim,Sim,?,Sim,Sim,Sim,Sim,?,Sim,Aprovado
PLS 00375/2011,Sim,Sim,?,Sim,Sim,Sim,Sim,?,Sim,Sim,?,Sim,P-NRV,Sim,Sim,?,Sim,Sim,Sim,Sim,Sim,?,Sim,Sim,Sim,Sim,Sim,?,?,?,Sim,Sim,?,P-NRV,P-NRV,?,Sim,Sim,?,?,Sim,Sim,Sim,Sim,Sim,Sim,Sim,?,Sim,?,P-NRV,Sim,Sim,Sim,?,Sim,Sim,Sim,Sim,?,?,P-NRV,Sim,Sim,Sim,Sim,?,Sim,Sim,Sim,?,?,Sim,Sim,Sim,Sim,?,Sim,?,?,Sim,P-NRV,Sim,?,Sim,Sim,Sim,?,?,Sim,Sim,P-NRV,?,Sim,Sim,P-NRV,?,Sim,Sim,P-NRV,Sim,?,?,Aprovado
PLS 00389/2015,Sim,Sim,?,Sim,Não,P-NRV,?,Não,Sim,Sim,Sim,Sim,P-NRV,?,P-NRV,Sim,P-NRV,Sim,Sim,Sim,Sim,?,?,?,?,Sim,Sim,Sim,Sim,?,Sim,P-NRV,Não,Sim,Sim,?,Sim,Sim,?,P-NRV,Sim,Sim,Sim,Sim,P-NRV,P-NRV,P-NRV,Não,Sim,Sim,Sim,Sim,Sim,?,Sim,Sim,Sim,P-NRV,Sim,?,Sim,?,Sim,?,Sim,Sim,?,Sim,P-NRV,Sim,Sim,?,Sim,P-NRV,Não,Sim,?,Sim,?,Sim,P-NRV,Sim,Sim,?,Sim,Sim,?,?,?,Sim,Sim,Não,?,Sim,Não,Sim,?,Sim,?,Sim,P-NRV,?,Sim,Aprovado
PLS 00400/2014,Sim,Sim,?,Sim,P-NRV,Sim,Não,?,Sim,Não,?,Sim,Sim,Sim,Sim,?,Sim,Sim,Sim,Sim,Sim,?,Sim,Não,P-NRV,Sim,Sim,?,?,?,Sim,Sim,?,P-NRV,P-NRV,?,Sim,Sim,?,?,Não,Sim,Não,Sim,Sim,Não,P-NRV,?,Sim,?,Sim,Sim,Sim,Sim,?,Sim,Não,Não,P-NRV,?,?,P-NRV,P-NRV,P-NRV,Sim,Sim,?,P-NRV,Não,Não,?,?,Sim,Não,Não,Não,?,Sim,?,?,Não,Não,Não,?,Sim,Sim,P-NRV,?,?,Sim,Sim,P-NRV,?,P-NRV,Não,P-NRV,?,Sim,Sim,Sim,Sim,?,?,Aprovado
PLS 00477/2011,Não,Não,?,Não,Não,Não,Sim,?,Não,Sim,?,P-NRV,P-NRV,Não,Não,?,Não,P-NRV,Não,Sim,Não,?,?,Sim,Não,Sim,P-NRV,?,?,?,Sim,?,Sim,Sim,Não,?,Não,Sim,?,Não,Sim,Sim,Sim,Não,P-NRV,P-NRV,Sim,Sim,Não,?,Não,Sim,Não,P-NRV,?,Não,Sim,Sim,Sim,?,P-NRV,?,?,P-NRV,?,Sim,?,Não,Sim,Sim,?,?,Não,Sim,Sim,Sim,?,Não,Não,?,Sim,Sim,Sim,Sim,Não,Ncom,Não,?,P-NRV,Não,Não,Sim,?,Sim,Sim,Não,?,Não,Sim,Não,P-NRV,?,?,Rejeitado
PLS 00501/2013,Sim,Sim,?,Sim,P-NRV,Sim,P-NRV,?,Sim,?,?,P-NRV,Sim,?,?,?,Sim,P-NRV,Sim,Sim,Sim,?,Sim,Sim,Sim,Sim,P-NRV,?,?,?,Sim,Sim,Sim,Sim,Sim,?,Sim,Sim,?,P-NRV,Sim,Sim,Sim,Sim,Sim,Sim,Sim,Sim,Sim,?,P-NRV,Sim,Sim,Sim,?,Sim,Sim,Sim,Sim,?,Sim,Sim,P-NRV,Sim,P-NRV,Sim,?,?,P-NRV,Sim,?,?,Sim,Sim,Sim,Sim,?,Sim,?,?,Sim,Sim,Sim,Sim,Sim,Sim,Sim,?,Sim,Sim,Sim,P-NRV,?,Sim,Sim,Sim,?,Sim,Sim,Sim,Sim,?,Sim,Aprovado
PLS 00525/2015,Sim,Sim,?,?,P-NRV,?,?,?,Sim,Sim,?,Sim,Sim,Sim,Sim,?,Sim,Sim,Sim,Sim,Sim,?,Sim,Sim,Sim,Sim,Sim,?,?,?,Sim,P-NRV,Sim,Sim,P-NRV,?,Sim,?,?,Sim,Sim,Sim,P-NRV,Sim,Sim,P-NRV,Sim,P-NRV,Sim,?,Sim,P-NRV,Sim,Sim,?,Sim,?,Sim,Sim,?,?,P-NRV,P-NRV,Sim,Sim,Sim,?,Sim,Sim,Sim,?,?,Sim,Sim,Sim,Sim,?,Sim,?,?,P-NRV,Sim,Sim,Sim,Sim,Sim,P-NRV,?,P-NRV,Sim,Sim,Sim,?,Sim,Sim,Sim,?,Sim,Sim,Sim,Sim,?,?,Aprovado
PRS 00029/2016,Sim,Sim,?,Sim,Sim,Sim,?,Sim,Sim,Sim,Sim,Sim,Sim,Sim,Sim,?,Sim,Sim,Sim,Sim,Sim,?,?,Sim,?,Sim,Sim,?,?,?,Sim,Sim,Sim,Sim,Sim,?,Sim,Sim,?,Sim,Sim,Sim,Sim,Sim,?,?,Sim,Sim,Sim,?,Sim,Sim,Sim,Sim,?,Sim,Sim,Sim,Sim,?,Sim,Sim,P-NRV,Sim,Sim,Sim,?,Sim,Sim,Sim,?,?,Sim,Sim,Sim,Sim,?,Sim,?,?,Sim,Sim,Sim,Sim,Sim,Ncom,?,?,Sim,Sim,Sim,Sim,?,Sim,Sim,Sim,?,Sim,Sim,Sim,Sim,?,Sim,Aprovado
SCD 00005/2015,P-NRV,Sim,?,Sim,P-NRV,Sim,Sim,?,Sim,Sim,?,Sim,Sim,Sim,Sim,?,Sim,?,?,Sim,Sim,?,Sim,Sim,P-NRV,Sim,Sim,?,?,?,Sim,P-NRV,Sim,Sim,Sim,?,Sim,Sim,?,Sim,P-NRV,Sim,Sim,Sim,Sim,Sim,P-NRV,Sim,Sim,?,Sim,Sim,Sim,Sim,?,Sim,Sim,Sim,Sim,?,?,Sim,P-NRV,Sim,Sim,Sim,?,Sim,Sim,Sim,?,?,Sim,Sim,Sim,Sim,?,Sim,?,?,Sim,Sim,Sim,Sim,Sim,Sim,?,?,Sim,Sim,Sim,Sim,?,Sim,Sim,Sim,?,Sim,Sim,Sim,Sim,?,P-NRV,Aprovado
MPV 00663/2014,Não,P-NRV,?,Sim,P-NRV,Sim,P-NRV,?,Sim,Não,?,Não,Não,Não,Sim,?,P-NRV,Sim,Sim,Sim,Sim,?,Não,Não,Não,Não,Não,?,?,?,Não,Não,Não,Não,P-NRV,?,Sim,Não,?,P-NRV,Não,Sim,Não,Não,Não,P-NRV,Não,Não,Sim,?,Não,P-NRV,Não,Não,?,Sim,Não,Não,?,?,Não,Sim,P-NRV,Não,Não,Não,?,Sim,Não,Não,?,?,Não,Sim,Não,Sim,?,Não,?,?,Ncom,P-NRV,Não,Não,Sim,Não,Não,?,Não,Sim,P-NRV,Não,?,P-NRV,Não,P-NRV,?,Sim,Não,P-NRV,P-NRV,?,?,Rejeitado
MPV 00672/2015,Sim,Não,?,Não,?,Não,P-NRV,?,Não,Não,?,P-NRV,?,Sim,Não,?,Sim,Sim,Não,Não,Não,?,Sim,Sim,Sim,Sim,Não,?,?,?,Sim,P-NRV,Sim,P-NRV,Não,?,Não,Sim,?,P-NRV,P-NRV,Sim,Sim,Sim,P-NRV,Sim,Não,Sim,Não,?,Não,?,Sim,Não,?,Não,Não,Sim,Não,?,Não,P-NRV,P-NRV,Não,P-NRV,Sim,?,Não,Não,Sim,?,?,P-NRV,Não,Sim,Sim,?,Não,?,?,Não,Não,P-NRV,Sim,Não,Não,P-NRV,?,P-NRV,Não,P-NRV,P-NRV,?,Sim,P-NRV,Sim,?,Não,Não,?,Não,?,Não,Rejeitado
MPV 00677/2015,?,Não,?,Não,Sim,Não,Não,?,?,Não,?,Não,P-NRV,Não,Não,?,P-NRV,?,Sim,P-NRV,P-NRV,?,Não,Não,Não,Não,Não,?,?,?,Sim,Não,P-NRV,Não,P-NRV,?,Não,?,?,Não,Não,Não,Não,Não,Não,Não,Sim,Não,Sim,?,Não,Sim,Não,Não,?,Não,?,Sim,Não,?,P-NRV,Não,P-NRV,Não,Sim,Não,?,Não,Sim,Não,?,?,Não,Sim,Não,Sim,?,Não,?,?,Sim,Não,Não,Ncom,Sim,Não,Não,?,Não,Não,Não,Não,?,Não,Não,Não,?,Sim,Não,Não,Não,?,Não,Rejeitado
MPV 00678/2015,Não,P-NRV,?,Sim,Sim,Não,Sim,?,Não,?,?,Não,Não,Não,Sim,?,?,Sim,Sim,Sim,Não,?,Sim,Sim,Sim,Não,P-NRV,?,?,?,Não,?,P-NRV,Não,Não,?,Não,Sim,?,?,Sim,Não,Sim,Não,P-NRV,P-NRV,Não,Sim,Não,?,Não,P-NRV,Sim,Sim,?,Sim,Não,Sim,?,?,?,P-NRV,P-NRV,Não,Não,Não,?,Sim,Ncom,Sim,?,?,Não,Não,P-NRV,Sim,?,Não,?,?,Não,Não,Não,P-NRV,Não,Não,?,?,Não,Não,Sim,Sim,?,Não,P-NRV,Não,?,Não,Não,Sim,Não,?,Não,Rejeitado
OFS 00088/2015,Sim,Sim,?,Sim,?,Sim,Sim,?,?,Sim,?,Sim,Sim,Sim,Sim,?,?,Sim,Sim,Sim,Sim,?,?,Sim,Sim,Sim,Sim,?,?,?,Sim,Sim,?,Sim,Sim,?,Sim,Sim,?,?,Sim,Sim,Sim,Sim,Sim,Sim,Sim,Sim,Sim,?,Sim,Sim,Sim,Sim,?,Sim,Sim,Sim,Sim,?,Sim,Sim,?,Sim,Sim,Sim,?,Sim,Sim,Sim,?,?,Sim,Sim,Sim,Sim,?,Sim,Sim,?,Sim,Não,Sim,Sim,Sim,Sim,Sim,?,Sim,Sim,Sim,Sim,?,Sim,Sim,Sim,?,Sim,Sim,?,Sim,?,Sim,Rejeitado
PLC 00007/2016,Não,Não,?,Não,P-NRV,Não,?,P-NRV,Não,P-NRV,Não,Não,Não,?,Não,Sim,Não,Sim,P-NRV,P-NRV,?,?,?,?,?,Não,Ncom,Não,Não,?,Não,Não,Sim,Não,P-NRV,?,Não,P-NRV,?,?,Sim,Não,Não,Sim,P-NRV,P-NRV,Não,P-NRV,P-NRV,P-NRV,Sim,Não,Não,?,?,Não,P-NRV,Sim,Sim,?,Não,?,?,P-NRV,?,Não,?,Não,Sim,Sim,Sim,?,Não,Sim,Sim,Sim,?,Não,?,P-NRV,P-NRV,P-NRV,Não,P-NRV,Não,P-NRV,?,?,?,Não,Não,Não,?,Não,Sim,P-NRV,?,Não,?,Não,Ncom,?,Não,Rejeitado
PLC 00167/2015,Sim,?,?,Sim,Sim,Sim,?,Sim,Sim,P-NRV,?,Sim,Sim,Sim,Sim,?,Sim,?,Sim,Sim,Sim,?,?,Sim,P-NRV,P-NRV,Sim,?,?,?,Sim,Sim,P-NRV,Sim,Sim,?,Sim,Sim,?,Sim,Sim,?,P-NRV,Sim,?,Sim,P-NRV,?,Sim,?,Sim,Sim,Sim,?,?,Sim,Sim,Sim,Sim,?,Sim,Sim,?,Sim,Sim,?,?,Sim,Sim,Sim,?,?,Sim,Sim,Sim,Sim,?,Sim,Sim,?,P-NRV,Sim,Sim,Sim,P-NRV,P-NRV,?,?,Sim,Sim,Sim,Sim,?,Sim,Sim,P-NRV,?,Sim,Sim,Sim,P-NRV,?,?,Rejeitado
PLS 00131/2015,Sim,Não,?,Não,P-NRV,Não,?,Sim,Não,Sim,?,P-NRV,Sim,Não,Não,?,P-NRV,Sim,Não,Sim,Sim,?,?,Sim,Não,Sim,P-NRV,?,?,?,Sim,Não,Sim,Não,Não,?,Não,Não,?,Não,Sim,Sim,Sim,Não,Sim,P-NRV,Sim,?,P-NRV,?,P-NRV,Não,Sim,Não,?,Sim,?,Sim,Não,?,P-NRV,Sim,?,Não,Não,Não,?,Não,Sim,Sim,?,?,P-NRV,Sim,Sim,Sim,?,?,Não,?,Sim,Não,Sim,Não,Não,Não,Não,?,Não,Sim,Não,Sim,?,Não,Sim,P-NRV,?,Não,?,Sim,Não,?,P-NRV,Rejeitado
PLS 00477/2011,Não,Não,?,Não,Não,Não,Sim,?,Não,Sim,?,P-NRV,P-NRV,Não,Não,?,Não,P-NRV,Não,Sim,Não,?,?,Sim,Não,Sim,P-NRV,?,?,?,Sim,?,Sim,Sim,Não,?,Não,Sim,?,Não,Sim,Sim,Sim,Não,P-NRV,P-NRV,Sim,Sim,Não,?,Não,Sim,Não,P-NRV,?,Não,Sim,Sim,Sim,?,P-NRV,?,?,P-NRV,?,Sim,?,Não,Sim,Sim,?,?,Não,Sim,Sim,Sim,?,Não,Não,?,Sim,Sim,Sim,Sim,Não,Ncom,Não,?,P-NRV,Não,Não,Sim,?,Sim,Sim,Não,?,Não,Sim,Não,P-NRV,?,?,Rejeitado
MPV 00663/2014,Não,P-NRV,?,Sim,P-NRV,Sim,P-NRV,?,Sim,Não,?,Não,Não,Não,Sim,?,P-NRV,Sim,Sim,Sim,Sim,?,Não,Não,Não,Não,Não,?,?,?,Não,Não,Não,Não,P-NRV,?,Sim,Não,?,P-NRV,Não,Sim,Não,Não,Não,P-NRV,Não,Não,Sim,?,Não,P-NRV,Não,Não,?,Sim,Não,Não,?,?,Não,Sim,P-NRV,Não,Não,Não,?,Sim,Não,Não,?,?,Não,Sim,Não,Sim,?,Não,?,?,Ncom,P-NRV,Não,Não,Sim,Não,Não,?,Não,Sim,P-NRV,Não,?,P-NRV,Não,P-NRV,?,Sim,Não,P-NRV,P-NRV,?,?,Rejeitado
MPV 00672/2015,Sim,Não,?,Não,?,Não,P-NRV,?,Não,Não,?,P-NRV,?,Sim,Não,?,Sim,Sim,Não,Não,Não,?,Sim,Sim,Sim,Sim,Não,?,?,?,Sim,P-NRV,Sim,P-NRV,Não,?,Não,Sim,?,P-NRV,P-NRV,Sim,Sim,Sim,P-NRV,Sim,Não,Sim,Não,?,Não,?,Sim,Não,?,Não,Não,Sim,Não,?,Não,P-NRV,P-NRV,Não,P-NRV,Sim,?,Não,Não,Sim,?,?,P-NRV,Não,Sim,Sim,?,Não,?,?,Não,Não,P-NRV,Sim,Não,Não,P-NRV,?,P-NRV,Não,P-NRV,P-NRV,?,Sim,P-NRV,Sim,?,Não,Não,?,Não,?,Não,Rejeitado
MPV 00677/2015,?,Não,?,Não,Sim,Não,Não,?,?,Não,?,Não,P-NRV,Não,Não,?,P-NRV,?,Sim,P-NRV,P-NRV,?,Não,Não,Não,Não,Não,?,?,?,Sim,Não,P-NRV,Não,P-NRV,?,Não,?,?,Não,Não,Não,Não,Não,Não,Não,Sim,Não,Sim,?,Não,Sim,Não,Não,?,Não,?,Sim,Não,?,P-NRV,Não,P-NRV,Não,Sim,Não,?,Não,Sim,Não,?,?,Não,Sim,Não,Sim,?,Não,?,?,Sim,Não,Não,Ncom,Sim,Não,Não,?,Não,Não,Não,Não,?,Não,Não,Não,?,Sim,Não,Não,Não,?,Não,Rejeitado
MPV 00678/2015,Não,P-NRV,?,Sim,Sim,Não,Sim,?,Não,?,?,Não,Não,Não,Sim,?,?,Sim,Sim,Sim,Não,?,Sim,Sim,Sim,Não,P-NRV,?,?,?,Não,?,P-NRV,Não,Não,?,Não,Sim,?,?,Sim,Não,Sim,Não,P-NRV,P-NRV,Não,Sim,Não,?,Não,P-NRV,Sim,Sim,?,Sim,Não,Sim,?,?,?,P-NRV,P-NRV,Não,Não,Não,?,Sim,Ncom,Sim,?,?,Não,Não,P-NRV,Sim,?,Não,?,?,Não,Não,Não,P-NRV,Não,Não,?,?,Não,Não,Sim,Sim,?,Não,P-NRV,Não,?,Não,Não,Sim,Não,?,Não,Rejeitado
OFS 00088/2015,Sim,Sim,?,Sim,?,Sim,Sim,?,?,Sim,?,Sim,Sim,Sim,Sim,?,?,Sim,Sim,Sim,Sim,?,?,Sim,Sim,Sim,Sim,?,?,?,Sim,Sim,?,Sim,Sim,?,Sim,Sim,?,?,Sim,Sim,Sim,Sim,Sim,Sim,Sim,Sim,Sim,?,Sim,Sim,Sim,Sim,?,Sim,Sim,Sim,Sim,?,Sim,Sim,?,Sim,Sim,Sim,?,Sim,Sim,Sim,?,?,Sim,Sim,Sim,Sim,?,Sim,Sim,?,Sim,Não,Sim,Sim,Sim,Sim,Sim,?,Sim,Sim,Sim,Sim,?,Sim,Sim,Sim,?,Sim,Sim,?,Sim,?,Sim,Rejeitado
PLC 00007/2016,Não,Não,?,Não,P-NRV,Não,?,P-NRV,Não,P-NRV,Não,Não,Não,?,Não,Sim,Não,Sim,P-NRV,P-NRV,?,?,?,?,?,Não,Ncom,Não,Não,?,Não,Não,Sim,Não,P-NRV,?,Não,P-NRV,?,?,Sim,Não,Não,Sim,P-NRV,P-NRV,Não,P-NRV,P-NRV,P-NRV,Sim,Não,Não,?,?,Não,P-NRV,Sim,Sim,?,Não,?,?,P-NRV,?,Não,?,Não,Sim,Sim,Sim,?,Não,Sim,Sim,Sim,?,Não,?,P-NRV,P-NRV,P-NRV,Não,P-NRV,Não,P-NRV,?,?,?,Não,Não,Não,?,Não,Sim,P-NRV,?,Não,?,Não,Ncom,?,Não,Rejeitado
PLC 00167/2015,Sim,?,?,Sim,Sim,Sim,?,Sim,Sim,P-NRV,?,Sim,Sim,Sim,Sim,?,Sim,?,Sim,Sim,Sim,?,?,Sim,P-NRV,P-NRV,Sim,?,?,?,Sim,Sim,P-NRV,Sim,Sim,?,Sim,Sim,?,Sim,Sim,?,P-NRV,Sim,?,Sim,P-NRV,?,Sim,?,Sim,Sim,Sim,?,?,Sim,Sim,Sim,Sim,?,Sim,Sim,?,Sim,Sim,?,?,Sim,Sim,Sim,?,?,Sim,Sim,Sim,Sim,?,Sim,Sim,?,P-NRV,Sim,Sim,Sim,P-NRV,P-NRV,?,?,Sim,Sim,Sim,Sim,?,Sim,Sim,P-NRV,?,Sim,Sim,Sim,P-NRV,?,?,Rejeitado
PLS 00131/2015,Sim,Não,?,Não,P-NRV,Não,?,Sim,Não,Sim,?,P-NRV,Sim,Não,Não,?,P-NRV,Sim,Não,Sim,Sim,?,?,Sim,Não,Sim,P-NRV,?,?,?,Sim,Não,Sim,Não,Não,?,Não,Não,?,Não,Sim,Sim,Sim,Não,Sim,P-NRV,Sim,?,P-NRV,?,P-NRV,Não,Sim,Não,?,Sim,?,Sim,Não,?,P-NRV,Sim,?,Não,Não,Não,?,Não,Sim,Sim,?,?,P-NRV,Sim,Sim,Sim,?,?,Não,?,Sim,Não,Sim,Não,Não,Não,Não,?,Não,Sim,Não,Sim,?,Não,Sim,P-NRV,?,Não,?,Sim,Não,?,P-NRV,Rejeitado
PLS 00477/2011,Não,Não,?,Não,Não,Não,Sim,?,Não,Sim,?,P-NRV,P-NRV,Não,Não,?,Não,P-NRV,Não,Sim,Não,?,?,Sim,Não,Sim,P-NRV,?,?,?,Sim,?,Sim,Sim,Não,?,Não,Sim,?,Não,Sim,Sim,Sim,Não,P-NRV,P-NRV,Sim,Sim,Não,?,Não,Sim,Não,P-NRV,?,Não,Sim,Sim,Sim,?,P-NRV,?,?,P-NRV,?,Sim,?,Não,Sim,Sim,?,?,Não,Sim,Sim,Sim,?,Não,Não,?,Sim,Sim,Sim,Sim,Não,Ncom,Não,?,P-NRV,Não,Não,Sim,?,Sim,Sim,Não,?,Não,Sim,Não,P-NRV,?,?,Rejeitado
MPV 00663/2014,Não,P-NRV,?,Sim,P-NRV,Sim,P-NRV,?,Sim,Não,?,Não,Não,Não,Sim,?,P-NRV,Sim,Sim,Sim,Sim,?,Não,Não,Não,Não,Não,?,?,?,Não,Não,Não,Não,P-NRV,?,Sim,Não,?,P-NRV,Não,Sim,Não,Não,Não,P-NRV,Não,Não,Sim,?,Não,P-NRV,Não,Não,?,Sim,Não,Não,?,?,Não,Sim,P-NRV,Não,Não,Não,?,Sim,Não,Não,?,?,Não,Sim,Não,Sim,?,Não,?,?,Ncom,P-NRV,Não,Não,Sim,Não,Não,?,Não,Sim,P-NRV,Não,?,P-NRV,Não,P-NRV,?,Sim,Não,P-NRV,P-NRV,?,?,Rejeitado
MPV 00672/2015,Sim,Não,?,Não,?,Não,P-NRV,?,Não,Não,?,P-NRV,?,Sim,Não,?,Sim,Sim,Não,Não,Não,?,Sim,Sim,Sim,Sim,Não,?,?,?,Sim,P-NRV,Sim,P-NRV,Não,?,Não,Sim,?,P-NRV,P-NRV,Sim,Sim,Sim,P-NRV,Sim,Não,Sim,Não,?,Não,?,Sim,Não,?,Não,Não,Sim,Não,?,Não,P-NRV,P-NRV,Não,P-NRV,Sim,?,Não,Não,Sim,?,?,P-NRV,Não,Sim,Sim,?,Não,?,?,Não,Não,P-NRV,Sim,Não,Não,P-NRV,?,P-NRV,Não,P-NRV,P-NRV,?,Sim,P-NRV,Sim,?,Não,Não,?,Não,?,Não,Rejeitado
MPV 00677/2015,?,Não,?,Não,Sim,Não,Não,?,?,Não,?,Não,P-NRV,Não,Não,?,P-NRV,?,Sim,P-NRV,P-NRV,?,Não,Não,Não,Não,Não,?,?,?,Sim,Não,P-NRV,Não,P-NRV,?,Não,?,?,Não,Não,Não,Não,Não,Não,Não,Sim,Não,Sim,?,Não,Sim,Não,Não,?,Não,?,Sim,Não,?,P-NRV,Não,P-NRV,Não,Sim,Não,?,Não,Sim,Não,?,?,Não,Sim,Não,Sim,?,Não,?,?,Sim,Não,Não,Ncom,Sim,Não,Não,?,Não,Não,Não,Não,?,Não,Não,Não,?,Sim,Não,Não,Não,?,Não,Rejeitado
MPV 00678/2015,Não,P-NRV,?,Sim,Sim,Não,Sim,?,Não,?,?,Não,Não,Não,Sim,?,?,Sim,Sim,Sim,Não,?,Sim,Sim,Sim,Não,P-NRV,?,?,?,Não,?,P-NRV,Não,Não,?,Não,Sim,?,?,Sim,Não,Sim,Não,P-NRV,P-NRV,Não,Sim,Não,?,Não,P-NRV,Sim,Sim,?,Sim,Não,Sim,?,?,?,P-NRV,P-NRV,Não,Não,Não,?,Sim,Ncom,Sim,?,?,Não,Não,P-NRV,Sim,?,Não,?,?,Não,Não,Não,P-NRV,Não,Não,?,?,Não,Não,Sim,Sim,?,Não,P-NRV,Não,?,Não,Não,Sim,Não,?,Não,Rejeitado
OFS 00088/2015,Sim,Sim,?,Sim,?,Sim,Sim,?,?,Sim,?,Sim,Sim,Sim,Sim,?,?,Sim,Sim,Sim,Sim,?,?,Sim,Sim,Sim,Sim,?,?,?,Sim,Sim,?,Sim,Sim,?,Sim,Sim,?,?,Sim,Sim,Sim,Sim,Sim,Sim,Sim,Sim,Sim,?,Sim,Sim,Sim,Sim,?,Sim,Sim,Sim,Sim,?,Sim,Sim,?,Sim,Sim,Sim,?,Sim,Sim,Sim,?,?,Sim,Sim,Sim,Sim,?,Sim,Sim,?,Sim,Não,Sim,Sim,Sim,Sim,Sim,?,Sim,Sim,Sim,Sim,?,Sim,Sim,Sim,?,Sim,Sim,?,Sim,?,Sim,Rejeitado
PLC 00007/2016,Não,Não,?,Não,P-NRV,Não,?,P-NRV,Não,P-NRV,Não,Não,Não,?,Não,Sim,Não,Sim,P-NRV,P-NRV,?,?,?,?,?,Não,Ncom,Não,Não,?,Não,Não,Sim,Não,P-NRV,?,Não,P-NRV,?,?,Sim,Não,Não,Sim,P-NRV,P-NRV,Não,P-NRV,P-NRV,P-NRV,Sim,Não,Não,?,?,Não,P-NRV,Sim,Sim,?,Não,?,?,P-NRV,?,Não,?,Não,Sim,Sim,Sim,?,Não,Sim,Sim,Sim,?,Não,?,P-NRV,P-NRV,P-NRV,Não,P-NRV,Não,P-NRV,?,?,?,Não,Não,Não,?,Não,Sim,P-NRV,?,Não,?,Não,Ncom,?,Não,Rejeitado
PLC 00167/2015,Sim,?,?,Sim,Sim,Sim,?,Sim,Sim,P-NRV,?,Sim,Sim,Sim,Sim,?,Sim,?,Sim,Sim,Sim,?,?,Sim,P-NRV,P-NRV,Sim,?,?,?,Sim,Sim,P-NRV,Sim,Sim,?,Sim,Sim,?,Sim,Sim,?,P-NRV,Sim,?,Sim,P-NRV,?,Sim,?,Sim,Sim,Sim,?,?,Sim,Sim,Sim,Sim,?,Sim,Sim,?,Sim,Sim,?,?,Sim,Sim,Sim,?,?,Sim,Sim,Sim,Sim,?,Sim,Sim,?,P-NRV,Sim,Sim,Sim,P-NRV,P-NRV,?,?,Sim,Sim,Sim,Sim,?,Sim,Sim,P-NRV,?,Sim,Sim,Sim,P-NRV,?,?,Rejeitado
PLS 00131/2015,Sim,Não,?,Não,P-NRV,Não,?,Sim,Não,Sim,?,P-NRV,Sim,Não,Não,?,P-NRV,Sim,Não,Sim,Sim,?,?,Sim,Não,Sim,P-NRV,?,?,?,Sim,Não,Sim,Não,Não,?,Não,Não,?,Não,Sim,Sim,Sim,Não,Sim,P-NRV,Sim,?,P-NRV,?,P-NRV,Não,Sim,Não,?,Sim,?,Sim,Não,?,P-NRV,Sim,?,Não,Não,Não,?,Não,Sim,Sim,?,?,P-NRV,Sim,Sim,Sim,?,?,Não,?,Sim,Não,Sim,Não,Não,Não,Não,?,Não,Sim,Não,Sim,?,Não,Sim,P-NRV,?,Não,?,Sim,Não,?,P-NRV,Rejeitado
PLS 00477/2011,Não,Não,?,Não,Não,Não,Sim,?,Não,Sim,?,P-NRV,P-NRV,Não,Não,?,Não,P-NRV,Não,Sim,Não,?,?,Sim,Não,Sim,P-NRV,?,?,?,Sim,?,Sim,Sim,Não,?,Não,Sim,?,Não,Sim,Sim,Sim,Não,P-NRV,P-NRV,Sim,Sim,Não,?,Não,Sim,Não,P-NRV,?,Não,Sim,Sim,Sim,?,P-NRV,?,?,P-NRV,?,Sim,?,Não,Sim,Sim,?,?,Não,Sim,Sim,Sim,?,Não,Não,?,Sim,Sim,Sim,Sim,Não,Ncom,Não,?,P-NRV,Não,Não,Sim,?,Sim,Sim,Não,?,Não,Sim,Não,P-NRV,?,?,Rejeitado
MPV 00663/2014,Não,P-NRV,?,Sim,P-NRV,Sim,P-NRV,?,Sim,Não,?,Não,Não,Não,Sim,?,P-NRV,Sim,Sim,Sim,Sim,?,Não,Não,Não,Não,Não,?,?,?,Não,Não,Não,Não,P-NRV,?,Sim,Não,?,P-NRV,Não,Sim,Não,Não,Não,P-NRV,Não,Não,Sim,?,Não,P-NRV,Não,Não,?,Sim,Não,Não,?,?,Não,Sim,P-NRV,Não,Não,Não,?,Sim,Não,Não,?,?,Não,Sim,Não,Sim,?,Não,?,?,Ncom,P-NRV,Não,Não,Sim,Não,Não,?,Não,Sim,P-NRV,Não,?,P-NRV,Não,P-NRV,?,Sim,Não,P-NRV,P-NRV,?,?,Rejeitado
MPV 00672/2015,Sim,Não,?,Não,?,Não,P-NRV,?,Não,Não,?,P-NRV,?,Sim,Não,?,Sim,Sim,Não,Não,Não,?,Sim,Sim,Sim,Sim,Não,?,?,?,Sim,P-NRV,Sim,P-NRV,Não,?,Não,Sim,?,P-NRV,P-NRV,Sim,Sim,Sim,P-NRV,Sim,Não,Sim,Não,?,Não,?,Sim,Não,?,Não,Não,Sim,Não,?,Não,P-NRV,P-NRV,Não,P-NRV,Sim,?,Não,Não,Sim,?,?,P-NRV,Não,Sim,Sim,?,Não,?,?,Não,Não,P-NRV,Sim,Não,Não,P-NRV,?,P-NRV,Não,P-NRV,P-NRV,?,Sim,P-NRV,Sim,?,Não,Não,?,Não,?,Não,Rejeitado
MPV 00677/2015,?,Não,?,Não,Sim,Não,Não,?,?,Não,?,Não,P-NRV,Não,Não,?,P-NRV,?,Sim,P-NRV,P-NRV,?,Não,Não,Não,Não,Não,?,?,?,Sim,Não,P-NRV,Não,P-NRV,?,Não,?,?,Não,Não,Não,Não,Não,Não,Não,Sim,Não,Sim,?,Não,Sim,Não,Não,?,Não,?,Sim,Não,?,P-NRV,Não,P-NRV,Não,Sim,Não,?,Não,Sim,Não,?,?,Não,Sim,Não,Sim,?,Não,?,?,Sim,Não,Não,Ncom,Sim,Não,Não,?,Não,Não,Não,Não,?,Não,Não,Não,?,Sim,Não,Não,Não,?,Não,Rejeitado
MPV 00678/2015,Não,P-NRV,?,Sim,Sim,Não,Sim,?,Não,?,?,Não,Não,Não,Sim,?,?,Sim,Sim,Sim,Não,?,Sim,Sim,Sim,Não,P-NRV,?,?,?,Não,?,P-NRV,Não,Não,?,Não,Sim,?,?,Sim,Não,Sim,Não,P-NRV,P-NRV,Não,Sim,Não,?,Não,P-NRV,Sim,Sim,?,Sim,Não,Sim,?,?,?,P-NRV,P-NRV,Não,Não,Não,?,Sim,Ncom,Sim,?,?,Não,Não,P-NRV,Sim,?,Não,?,?,Não,Não,Não,P-NRV,Não,Não,?,?,Não,Não,Sim,Sim,?,Não,P-NRV,Não,?,Não,Não,Sim,Não,?,Não,Rejeitado
OFS 00088/2015,Sim,Sim,?,Sim,?,Sim,Sim,?,?,Sim,?,Sim,Sim,Sim,Sim,?,?,Sim,Sim,Sim,Sim,?,?,Sim,Sim,Sim,Sim,?,?,?,Sim,Sim,?,Sim,Sim,?,Sim,Sim,?,?,Sim,Sim,Sim,Sim,Sim,Sim,Sim,Sim,Sim,?,Sim,Sim,Sim,Sim,?,Sim,Sim,Sim,Sim,?,Sim,Sim,?,Sim,Sim,Sim,?,Sim,Sim,Sim,?,?,Sim,Sim,Sim,Sim,?,Sim,Sim,?,Sim,Não,Sim,Sim,Sim,Sim,Sim,?,Sim,Sim,Sim,Sim,?,Sim,Sim,Sim,?,Sim,Sim,?,Sim,?,Sim,Rejeitado
PLC 00007/2016,Não,Não,?,Não,P-NRV,Não,?,P-NRV,Não,P-NRV,Não,Não,Não,?,Não,Sim,Não,Sim,P-NRV,P-NRV,?,?,?,?,?,Não,Ncom,Não,Não,?,Não,Não,Sim,Não,P-NRV,?,Não,P-NRV,?,?,Sim,Não,Não,Sim,P-NRV,P-NRV,Não,P-NRV,P-NRV,P-NRV,Sim,Não,Não,?,?,Não,P-NRV,Sim,Sim,?,Não,?,?,P-NRV,?,Não,?,Não,Sim,Sim,Sim,?,Não,Sim,Sim,Sim,?,Não,?,P-NRV,P-NRV,P-NRV,Não,P-NRV,Não,P-NRV,?,?,?,Não,Não,Não,?,Não,Sim,P-NRV,?,Não,?,Não,Ncom,?,Não,Rejeitado
PLC 00167/2015,Sim,?,?,Sim,Sim,Sim,?,Sim,Sim,P-NRV,?,Sim,Sim,Sim,Sim,?,Sim,?,Sim,Sim,Sim,?,?,Sim,P-NRV,P-NRV,Sim,?,?,?,Sim,Sim,P-NRV,Sim,Sim,?,Sim,Sim,?,Sim,Sim,?,P-NRV,Sim,?,Sim,P-NRV,?,Sim,?,Sim,Sim,Sim,?,?,Sim,Sim,Sim,Sim,?,Sim,Sim,?,Sim,Sim,?,?,Sim,Sim,Sim,?,?,Sim,Sim,Sim,Sim,?,Sim,Sim,?,P-NRV,Sim,Sim,Sim,P-NRV,P-NRV,?,?,Sim,Sim,Sim,Sim,?,Sim,Sim,P-NRV,?,Sim,Sim,Sim,P-NRV,?,?,Rejeitado
PLS 00131/2015,Sim,Não,?,Não,P-NRV,Não,?,Sim,Não,Sim,?,P-NRV,Sim,Não,Não,?,P-NRV,Sim,Não,Sim,Sim,?,?,Sim,Não,Sim,P-NRV,?,?,?,Sim,Não,Sim,Não,Não,?,Não,Não,?,Não,Sim,Sim,Sim,Não,Sim,P-NRV,Sim,?,P-NRV,?,P-NRV,Não,Sim,Não,?,Sim,?,Sim,Não,?,P-NRV,Sim,?,Não,Não,Não,?,Não,Sim,Sim,?,?,P-NRV,Sim,Sim,Sim,?,?,Não,?,Sim,Não,Sim,Não,Não,Não,Não,?,Não,Sim,Não,Sim,?,Não,Sim,P-NRV,?,Não,?,Sim,Não,?,P-NRV,Rejeitado
PLS 00477/2011,Não,Não,?,Não,Não,Não,Sim,?,Não,Sim,?,P-NRV,P-NRV,Não,Não,?,Não,P-NRV,Não,Sim,Não,?,?,Sim,Não,Sim,P-NRV,?,?,?,Sim,?,Sim,Sim,Não,?,Não,Sim,?,Não,Sim,Sim,Sim,Não,P-NRV,P-NRV,Sim,Sim,Não,?,Não,Sim,Não,P-NRV,?,Não,Sim,Sim,Sim,?,P-NRV,?,?,P-NRV,?,Sim,?,Não,Sim,Sim,?,?,Não,Sim,Sim,Sim,?,Não,Não,?,Sim,Sim,Sim,Sim,Não,Ncom,Não,?,P-NRV,Não,Não,Sim,?,Sim,Sim,Não,?,Não,Sim,Não,P-NRV,?,?,Rejeitado
