SENADOR,DEN 00001/2016,MPV 00663/2014,MPV 00664/2014,MPV 00665/2014,MPV 00672/2015,MPV 00677/2015,MPV 00678/2015,MPV 00688/2015,MPV 00692/2015,MPV 00693/2015,MPV 00696/2015,OFS 00088/2015,PDS 00347/2015,PEC 00003/2016,PEC 00007/2015,PEC 00030/2014,PEC 00031/2016,PEC 00032/2010,PEC 00033/2014,PEC 00040/2011,PEC 00043/2012,PEC 00074/2013,PEC 00078/2013,PEC 00084/2015,PEC 00098/2015,PEC 00099/2015,PEC 00113/2015,PEC 00128/2015,PEC 00133/2015,PEC 00143/2015,PEC 00152/2015,PEC 00159/2015,PLC 00002/2015,PLC 00007/2016,PLC 00015/2015,PLC 00023/2015,PLC 00026/2015,PLC 00057/2015,PLC 00075/2015,PLC 00101/2015,PLC 00125/2015,PLC 00167/2015,PLC 00186/2015,PLS 00078/2015,PLS 00130/2014,PLS 00131/2015,PLS 00141/2014,PLS 00201/2013,PLS 00274/2015,PLS 00316/2015,PLS 00375/2011,PLS 00389/2015,PLS 00400/2014,PLS 00477/2011,PLS 00501/2013,PLS 00525/2015,PRS 00029/2016,SCD 00005/2015
Acir Gurgacz - PDT/RO,Sim,Não,P-NRV,Sim,Sim,MIS,Não,Sim,Sim,Sim,Sim,Sim,Sim,P-NRV,Sim,Sim,Sim,Sim,Sim,Sim,Sim,Sim,Sim,Sim,Sim,Sim,Sim,Sim,Sim,LP,LP,Sim,Sim,Não,Sim,Sim,Sim,Sim,P-NRV,Sim,Sim,Sim,Sim,LP,Sim,Sim,Sim,Sim,Sim,LP,Sim,Sim,Sim,Não,Sim,Sim,Sim,P-NRV
Aécio Neves - PSDB/MG,Sim,P-NRV,Não,Não,Não,Não,P-NRV,Não,Sim,Obstrução,P-NRV,Sim,Sim,Sim,Sim,Sim,Sim,Sim,Sim,Sim,Sim,Sim,Sim,Sim,Sim,Sim,Sim,Sim,Sim,Sim,Sim,Sim,P-NRV,Não,Sim,Sim,Sim,Não,Não,Sim,Sim,MIS,Não,Sim,Sim,Sim,Sim,Sim,Sim,Sim,Sim,Sim,Sim,Não,Sim,Sim,Sim,Sim
Airton Sandoval - PMDB/SP,?,?,?,?,?,?,?,?,?,?,?,?,?,?,?,?,?,?,?,?,?,?,?,?,?,?,?,?,?,?,?,?,?,?,?,?,?,?,?,?,?,?,?,?,?,?,?,?,?,?,?,?,?,?,?,?,?,?
Aloysio Nunes Ferreira - PSDB/SP,Sim,Sim,Não,Não,Não,Não,Sim,Não,Sim,Não,P-NRV,Sim,Sim,Sim,MIS,Sim,Sim,Sim,MIS,P-NRV,Sim,Sim,Sim,Sim,Não,Sim,Sim,Sim,LS,Sim,Sim,Sim,MIS,Não,Sim,Sim,Sim,Não,Não,Sim,Sim,Sim,Não,Sim,Não,Sim,Sim,P-NRV,Sim,Sim,Sim,Sim,Sim,Não,Sim,MIS,Sim,Sim
Alvaro Dias - PSDB/PR,Sim,P-NRV,Não,Não,AP,Sim,Sim,LS,Não,P-NRV,P-NRV,LS,LS,Sim,P-NRV,Sim,P-NRV,P-NRV,P-NRV,P-NRV,Sim,Sim,Sim,P-NRV,P-NRV,Sim,Sim,P-NRV,Sim,Sim,P-NRV,Sim,P-NRV,P-NRV,Sim,Sim,Sim,Não,P-NRV,P-NRV,Sim,Sim,Não,Sim,Sim,Sim,Sim,P-NRV,Sim,Sim,Sim,Não,P-NRV,Não,P-NRV,P-NRV,Sim,P-NRV
Ana Amélia - PP/RS,Sim,Sim,MIS,MIS,Não,Não,Não,P-NRV,P-NRV,Sim,Abstenção,Sim,Sim,Sim,Sim,Sim,Sim,Sim,AP,Sim,Sim,Sim,Sim,Sim,Sim,Sim,Sim,Sim,P-NRV,Sim,Sim,Sim,Não,Não,Sim,Sim,Sim,Não,Não,Sim,Sim,Sim,Sim,Sim,Sim,Sim,Sim,Sim,Sim,Sim,Sim,P-NRV,Sim,Não,Sim,AP,Sim,Sim
Ângela Portela - PT/RR,Não,P-NRV,Sim,Sim,P-NRV,Não,Sim,P-NRV,Sim,Sim,P-NRV,Sim,Sim,MIS,Sim,Sim,Não,Sim,AP,Sim,Sim,Sim,Sim,Sim,Sim,Sim,Sim,Sim,Sim,Sim,P-NRV,Sim,Sim,P-NRV,Sim,P-NRV,Sim,Sim,P-NRV,P-NRV,Sim,Sim,Sim,Sim,Sim,Sim,Sim,P-NRV,Sim,Sim,Sim,Não,Não,Sim,P-NRV,AP,Sim,Sim
Antonio Anastasia - PSDB/MG,Sim,Sim,MIS,MIS,Não,LS,Não,MIS,Sim,Não,P-NRV,MIS,MIS,Sim,Sim,Sim,Sim,Sim,Sim,Sim,Sim,Sim,Sim,Sim,Sim,Sim,Sim,Sim,Sim,Sim,Sim,Sim,Não,Não,Sim,Sim,Sim,Não,Não,MIS,Sim,Sim,Não,Sim,Sim,Sim,Sim,Sim,Sim,Sim,Sim,Sim,Sim,Não,Sim,Sim,Sim,Sim
Antonio Carlos Valadares - PSB/SE,Sim,Não,Abstenção,Não,Não,Não,AP,P-NRV,Sim,Sim,Não,Sim,Sim,Sim,P-NRV,Sim,Sim,P-NRV,Sim,Sim,LS,Sim,Sim,Sim,Sim,Sim,Sim,Sim,AP,Sim,Sim,Sim,Sim,P-NRV,Sim,Sim,MIS,Não,Sim,Não,Sim,P-NRV,MIS,Sim,Sim,Sim,Sim,Sim,Sim,Sim,Sim,Sim,Não,Sim,AP,Sim,Sim,Sim
Armando Monteiro - PTB/PE,Não,?,?,?,?,?,?,?,?,?,?,?,?,?,?,Sim,Sim,?,?,?,Sim,?,?,?,?,?,?,?,?,?,?,Não,?,Não,?,?,?,?,?,?,Sim,?,?,?,?,?,?,?,?,?,?,Sim,?,?,?,?,Sim,?
Ataídes Oliveira - PSDB/TO,Sim,Não,Não,Não,P-NRV,Não,Não,P-NRV,Sim,Não,P-NRV,Sim,Sim,Sim,Sim,Sim,Sim,Sim,Sim,Sim,Sim,Sim,Sim,P-NRV,Sim,Sim,Sim,P-NRV,Sim,Sim,Sim,Sim,Não,Não,Sim,Sim,Sim,Não,Não,P-NRV,Sim,Sim,Não,Sim,Sim,Sim,Sim,Sim,AP,Sim,Sim,Sim,Sim,P-NRV,P-NRV,Sim,Sim,Sim
Benedito de Lira - PP/AL,Sim,Não,Sim,Sim,LP,P-NRV,Não,Sim,Sim,Sim,Sim,Sim,Sim,Sim,Sim,Sim,Sim,Sim,Sim,Sim,Sim,Sim,Sim,Sim,Sim,Sim,Sim,Sim,AP,Não,Sim,Sim,Sim,Não,Sim,P-NRV,Sim,Sim,Sim,P-NRV,Sim,Sim,Sim,P-NRV,P-NRV,Sim,Sim,P-NRV,Sim,Sim,P-NRV,P-NRV,Sim,P-NRV,Sim,Sim,Sim,Sim
Blairo Maggi - PR/MT,Sim,Não,Sim,Sim,Sim,Não,Não,Sim,Não,Sim,Sim,Sim,P-NRV,Sim,Sim,?,?,P-NRV,Sim,Sim,?,Sim,Sim,Sim,Sim,Sim,Sim,Sim,AP,Sim,Sim,?,P-NRV,?,Sim,Sim,Sim,Sim,Não,P-NRV,?,Sim,Sim,Sim,Sim,Sim,LS,Sim,Sim,Sim,Sim,?,Sim,Não,AP,Sim,Sim,Sim
Cássio Cunha Lima - PSDB/PB,Sim,Sim,Não,Não,Não,Não,Sim,Não,Sim,Obstrução,P-NRV,Sim,Sim,Sim,Sim,P-NRV,Sim,P-NRV,Sim,Sim,LS,Sim,Sim,Sim,Sim,Sim,Sim,Sim,Sim,Sim,Sim,Sim,Não,Não,Sim,Sim,Sim,Não,Não,Sim,Sim,Sim,Não,Sim,Sim,Sim,Sim,Sim,Sim,Sim,Sim,P-NRV,Sim,Não,LS,Sim,Sim,Sim
Cidinho Santos - PR/MT,Sim,?,?,?,?,?,?,?,?,?,?,?,?,?,?,Sim,Sim,?,?,?,Sim,?,?,?,?,?,?,?,?,?,?,MIS,?,Sim,?,?,?,?,?,?,Sim,?,?,?,?,?,?,?,?,?,?,Sim,?,?,?,?,?,?
Ciro Nogueira - PP/PI,Sim,P-NRV,Sim,P-NRV,Sim,P-NRV,MIS,LP,Sim,Sim,Sim,LP,LP,Sim,Sim,Sim,Sim,P-NRV,Sim,Não,Sim,P-NRV,Sim,Sim,Sim,Sim,Sim,Sim,Sim,Sim,Sim,Sim,Sim,Não,Sim,Sim,Sim,AP,MIS,Sim,Sim,Sim,P-NRV,Sim,Sim,Sim,Sim,P-NRV,Sim,Sim,Sim,P-NRV,Sim,Não,Sim,Sim,Sim,Sim
Cristovam Buarque - PDT/DF,Sim,Sim,Não,Não,Sim,AP,Sim,Sim,Sim,P-NRV,P-NRV,Sim,Sim,Sim,Sim,Sim,P-NRV,P-NRV,Sim,AP,Sim,Sim,Sim,Sim,Sim,Sim,Sim,Sim,Sim,Não,P-NRV,Sim,Sim,Sim,Sim,Sim,Sim,Ncom,Sim,Não,Sim,AP,Não,Sim,P-NRV,Sim,AP,AP,Sim,Sim,Sim,Sim,Sim,P-NRV,P-NRV,Sim,Sim,AP
Dalirio Beber - PSDB/SC,Sim,Sim,Não,Sim,Não,Sim,Sim,Não,Sim,Obstrução,P-NRV,Sim,Sim,Sim,?,Sim,Sim,?,Sim,?,Sim,Sim,Sim,Sim,Não,Sim,Sim,Sim,Sim,Sim,Sim,Sim,?,P-NRV,?,Sim,Sim,Não,Não,Sim,Sim,Sim,Não,Sim,?,Sim,Sim,?,Sim,Sim,Sim,Sim,Sim,Não,Sim,Sim,Sim,?
Dário Berger - PMDB/SC,Sim,Sim,Sim,Sim,Não,P-NRV,Sim,Sim,Sim,Obstrução,P-NRV,Sim,P-NRV,LS,Sim,Sim,Sim,P-NRV,Sim,Sim,Sim,Sim,Sim,Sim,Sim,Sim,P-NRV,Sim,Sim,Sim,Sim,Sim,Sim,P-NRV,Sim,P-NRV,Sim,Não,Sim,Sim,Sim,Sim,Não,Sim,Sim,Sim,Sim,Sim,Sim,Sim,Sim,Sim,Sim,Sim,Sim,Sim,Sim,Sim
Davi Alcolumbre - DEM/AP,Sim,Sim,Não,Não,Não,P-NRV,Não,Não,Sim,Obstrução,P-NRV,Sim,Sim,Sim,P-NRV,Sim,Sim,Sim,Sim,Sim,Sim,Sim,Sim,Sim,Sim,Sim,Sim,Sim,Ncom,Sim,Sim,Sim,Sim,AP,Sim,P-NRV,Sim,Não,Não,Sim,Sim,Sim,Não,Sim,Sim,Sim,Sim,Sim,P-NRV,Sim,Sim,Sim,Sim,Não,Sim,Sim,Sim,Sim
Deca - PSDB/PB,?,?,?,?,?,?,?,?,?,?,?,?,?,?,?,?,?,?,?,?,?,?,?,?,?,?,?,?,?,?,?,?,?,?,?,?,?,?,?,?,?,?,?,?,?,?,?,?,?,?,?,?,?,?,?,?,?,?
Delcídio do Amaral - PT/MS,?,Não,Sim,Sim,Sim,Não,Sim,Sim,LS,LS,LS,LL,Sim,LS,Sim,?,?,Sim,Sim,Sim,?,Sim,Sim,Sim,Sim,LL,LL,LL,LS,LS,LS,?,Sim,?,Sim,LL,Sim,Sim,Sim,Sim,?,LS,LL,LS,Sim,LS,LL,P-NRV,Sim,LS,Sim,?,Sim,LL,Sim,Sim,LP,Sim
Donizeti Nogueira - PT/TO,Não,Não,Sim,Sim,Sim,Não,Sim,Sim,Sim,Sim,Sim,Sim,P-NRV,MIS,Sim,?,?,Sim,Sim,Sim,?,P-NRV,Sim,Sim,Sim,MIS,MIS,Sim,P-NRV,Sim,Sim,?,Sim,?,Sim,MIS,Sim,Sim,Sim,Não,?,Sim,Sim,Sim,Sim,Sim,Sim,Sim,Sim,Sim,Sim,?,Não,Sim,Sim,Sim,Sim,Sim
Douglas Cintra - PTB/PE,?,Não,Sim,Sim,Sim,Não,Sim,Sim,Sim,AP,Não,Sim,P-NRV,Não,Sim,?,?,Sim,P-NRV,Sim,?,Sim,Sim,Sim,Sim,AP,AP,Sim,AP,Sim,P-NRV,?,Não,?,Sim,AP,Sim,P-NRV,Não,Sim,?,P-NRV,Sim,AP,Sim,Não,Sim,Sim,Sim,Sim,Sim,?,P-NRV,Não,Sim,Sim,?,P-NRV
Edison Lobão - PMDB/MA,Sim,Não,Sim,Sim,Sim,Não,Não,Sim,Sim,Sim,P-NRV,Sim,P-NRV,Sim,Sim,Sim,Sim,P-NRV,Sim,Sim,P-NRV,Sim,Sim,Sim,Sim,P-NRV,Sim,Sim,Sim,Sim,Sim,Sim,Sim,Não,LS,Sim,Sim,Sim,Não,P-NRV,Sim,P-NRV,LP,Sim,Sim,Sim,Sim,Sim,Sim,Sim,Sim,Sim,Sim,Sim,Sim,Sim,Sim,Sim
Eduardo Amorim - PSC/SE,Sim,Não,Abstenção,Não,Não,Não,P-NRV,Não,Sim,Obstrução,P-NRV,Sim,Sim,Sim,Sim,Sim,Sim,Sim,Sim,Sim,Sim,Sim,Sim,Sim,Sim,Sim,Sim,Sim,LS,Sim,Sim,Não,Sim,Ncom,Sim,P-NRV,Sim,P-NRV,Não,Sim,Sim,Sim,Não,Sim,Sim,P-NRV,Sim,Sim,Sim,Sim,Sim,Sim,Sim,P-NRV,P-NRV,Sim,Sim,Sim
Eduardo Braga - PMDB/AM,Sim,?,?,?,?,?,?,?,?,?,?,?,?,?,?,Sim,Sim,?,?,?,Sim,?,?,?,?,?,?,?,?,?,?,Sim,?,Não,?,?,?,?,?,?,Sim,?,?,?,?,?,?,?,?,?,?,Sim,?,?,?,?,LS,?
Eduardo Lopes - PRB/RJ,Sim,?,?,?,?,?,?,?,?,?,?,?,?,?,?,Sim,Sim,?,?,?,Sim,?,?,?,?,?,?,?,?,?,?,Sim,?,Não,?,?,?,?,?,?,Sim,?,?,?,?,?,?,?,?,?,?,Sim,?,?,?,?,?,?
Elber Batalha - PSB/SE,?,?,?,?,?,?,?,?,?,?,?,?,?,?,?,?,?,?,?,?,?,?,?,?,?,?,?,?,?,?,?,?,?,?,?,?,?,?,?,?,?,?,?,?,?,?,?,?,?,?,?,?,?,?,?,?,?,?
Elmano Férrer - PTB/PI,Não,Não,Sim,P-NRV,Sim,Sim,Não,Sim,Sim,Sim,P-NRV,Sim,Sim,Sim,Sim,Sim,Sim,Sim,P-NRV,Sim,Sim,Sim,Sim,Sim,Sim,Sim,Sim,Sim,Sim,Sim,Sim,Sim,Não,Não,Sim,Sim,Sim,Sim,Sim,Sim,Sim,Sim,P-NRV,Sim,Sim,Sim,Sim,Sim,Sim,Sim,Sim,Sim,Sim,Sim,Sim,Sim,Sim,Sim
Eunício Oliveira - PMDB/CE,Sim,Não,Sim,Sim,P-NRV,Não,Abstenção,Sim,Sim,Sim,P-NRV,Sim,Sim,Sim,Sim,Sim,P-NRV,P-NRV,P-NRV,Sim,Sim,Sim,Sim,Sim,Sim,Sim,Sim,Sim,Sim,Sim,Sim,Sim,P-NRV,Não,Sim,Sim,Sim,Sim,Sim,Sim,Sim,Sim,Sim,Sim,Sim,Sim,Sim,Sim,Sim,Sim,Sim,P-NRV,Sim,Abstenção,Sim,P-NRV,Sim,P-NRV
Fátima Bezerra - PT/RN,Não,Não,Sim,Sim,Sim,P-NRV,P-NRV,AP,Sim,Sim,Abstenção,AP,AP,P-NRV,Sim,Sim,Não,Sim,P-NRV,Abstenção,Sim,Sim,Sim,Sim,Sim,P-NRV,Sim,Sim,P-NRV,Não,Sim,Sim,Sim,Sim,Sim,Sim,AP,Sim,Sim,Não,Sim,P-NRV,Sim,Sim,Sim,Sim,P-NRV,Sim,P-NRV,Sim,AP,Não,AP,Sim,Sim,Sim,Sim,Sim
Fernando Bezerra Coelho - PSB/PE,Sim,Não,Sim,Sim,P-NRV,Não,Não,Sim,Sim,P-NRV,Não,Sim,P-NRV,Sim,Sim,Sim,Sim,Sim,Sim,Sim,P-NRV,Sim,Sim,Sim,Sim,MIS,MIS,Sim,Sim,Sim,Sim,Sim,Sim,Não,Sim,MIS,Sim,Sim,Sim,Não,Sim,Sim,Sim,Sim,Sim,Sim,Sim,Sim,Sim,Sim,Sim,Sim,P-NRV,Sim,Sim,Sim,Sim,Sim
Fernando Collor - PTB/AL,Sim,P-NRV,Sim,Não,Não,P-NRV,Não,Sim,Sim,P-NRV,P-NRV,Sim,P-NRV,Sim,AP,Sim,Sim,P-NRV,Sim,P-NRV,P-NRV,Sim,Sim,Sim,Sim,Sim,Sim,Sim,Sim,Não,P-NRV,P-NRV,AP,P-NRV,Sim,Sim,AP,Não,Não,P-NRV,Sim,Sim,Não,Sim,Sim,Não,P-NRV,Sim,Sim,P-NRV,Sim,Sim,P-NRV,Não,Sim,P-NRV,Sim,Sim
Fernando Ribeiro - PMDB/PA,?,?,?,?,?,?,?,?,?,?,?,?,?,?,?,?,?,Sim,?,AP,?,?,?,?,?,?,?,?,?,?,?,?,?,?,?,?,?,?,?,?,?,?,?,?,P-NRV,?,?,AP,?,?,?,?,?,?,?,?,?,?
Flexa Ribeiro - PSDB/PA,Sim,Sim,Não,Não,Não,Não,Não,Não,Sim,Não,P-NRV,Sim,Sim,Sim,Sim,Sim,Sim,Sim,Sim,Sim,Sim,Sim,Sim,Sim,Sim,P-NRV,Sim,P-NRV,Sim,Sim,Sim,Sim,Não,Não,Sim,Sim,Sim,Não,Não,Sim,Sim,Sim,Não,Sim,Sim,Sim,P-NRV,Sim,Sim,Sim,Sim,Sim,Sim,Não,Sim,Sim,Sim,Sim
Garibaldi Alves Filho - PMDB/RN,Sim,Não,Sim,Sim,Sim,LS,Sim,Sim,Sim,Sim,Sim,Sim,Sim,Sim,Sim,Sim,Sim,Sim,LS,Sim,Sim,P-NRV,Sim,Sim,Sim,Sim,Sim,Sim,Sim,Sim,Sim,Sim,Não,P-NRV,Sim,Sim,Sim,Sim,LS,Sim,Sim,Sim,Sim,Sim,Sim,Sim,AP,Sim,Sim,Sim,Sim,Sim,Sim,Sim,Sim,LS,Sim,Sim
Gilberto Piselo - PDT/RO,?,?,?,?,?,?,?,?,?,?,?,?,?,?,?,?,?,?,?,?,?,?,?,?,?,?,?,?,?,?,?,?,?,?,?,?,?,?,?,?,?,?,?,?,?,?,?,?,?,?,?,?,?,?,?,?,?,?
Gladson Cameli - PP/AC,Sim,P-NRV,MIS,MIS,P-NRV,Não,MIS,AP,Sim,P-NRV,P-NRV,MIS,AP,Sim,Sim,Sim,Sim,P-NRV,Sim,AP,Sim,Sim,Sim,Sim,Sim,MIS,MIS,Sim,P-NRV,P-NRV,P-NRV,Sim,Sim,MIS,Sim,MIS,Sim,Sim,MIS,P-NRV,P-NRV,Sim,Sim,Sim,Sim,Sim,Sim,AP,P-NRV,P-NRV,AP,P-NRV,AP,Não,P-NRV,Sim,Sim,Sim
Gleisi Hoffmann - PT/PR,Não,Não,Sim,Sim,P-NRV,Não,Sim,Sim,P-NRV,Sim,Sim,Sim,Sim,Não,P-NRV,Sim,Não,AP,Sim,Sim,Sim,P-NRV,Sim,Sim,Sim,Sim,Sim,Sim,Sim,Não,Sim,Não,Sim,Sim,Sim,Sim,Sim,P-NRV,Sim,Não,Sim,Sim,Sim,Sim,Sim,Sim,Sim,Sim,Sim,Sim,Sim,Sim,Não,Sim,Sim,Sim,Sim,P-NRV
Hélio José - PSD/DF,Sim,Sim,Sim,Sim,Sim,Não,Não,Sim,Sim,Sim,P-NRV,Sim,Sim,Sim,Sim,Sim,Sim,Sim,Sim,Sim,MIS,Sim,Sim,Sim,Sim,?,?,Sim,MIS,Não,Sim,Sim,Sim,Não,Sim,?,Sim,Sim,Sim,MIS,Sim,MIS,Sim,Sim,Sim,Sim,Sim,P-NRV,Sim,Sim,Sim,Sim,Sim,Sim,Sim,Sim,Sim,Sim
Humberto Costa - PT/PE,Não,Não,Sim,Sim,Sim,Não,Sim,Sim,Sim,Sim,Sim,Sim,Sim,Não,Sim,Sim,Não,P-NRV,Sim,Sim,Sim,Sim,Sim,Sim,Sim,Sim,Sim,Sim,P-NRV,Sim,Sim,Sim,Sim,Não,Sim,Sim,Sim,Sim,Ncom,Não,Sim,P-NRV,Sim,Sim,Sim,Sim,Sim,Sim,Sim,Sim,Sim,Sim,Não,Sim,Sim,P-NRV,Sim,Sim
Ivo Cassol - PP/RO,Sim,Não,P-NRV,Sim,Sim,Não,Não,Sim,Não,Sim,P-NRV,Sim,Sim,Sim,Sim,Sim,Sim,Sim,Sim,Sim,Sim,Sim,Sim,Sim,Sim,Sim,Sim,Sim,Sim,Sim,Sim,Não,P-NRV,Sim,Sim,P-NRV,Sim,P-NRV,Não,P-NRV,Sim,Sim,P-NRV,Sim,Sim,Sim,P-NRV,Sim,Sim,Sim,Sim,Sim,Sim,Não,Sim,Sim,Sim,Sim
Jader Barbalho - PMDB/PA,Sim,Não,Sim,Sim,P-NRV,Não,P-NRV,Sim,Sim,AP,Sim,Sim,P-NRV,AP,Sim,P-NRV,P-NRV,?,Sim,?,AP,Sim,Sim,Sim,Sim,P-NRV,P-NRV,Sim,LP,LS,LS,Sim,Não,P-NRV,Sim,P-NRV,Sim,LP,P-NRV,LP,AP,LS,Sim,LS,?,Sim,LP,?,Sim,LS,Sim,P-NRV,Sim,P-NRV,Sim,Sim,LS,Sim
João Alberto Souza - PMDB/MA,Sim,P-NRV,Sim,P-NRV,Sim,Não,P-NRV,Sim,P-NRV,Sim,Sim,Sim,Sim,Sim,P-NRV,P-NRV,P-NRV,P-NRV,Sim,P-NRV,P-NRV,Sim,Sim,P-NRV,Sim,AP,AP,P-NRV,Sim,P-NRV,P-NRV,Sim,Sim,P-NRV,Sim,AP,Sim,Sim,Não,AP,Sim,Sim,Sim,Sim,Sim,P-NRV,P-NRV,Sim,P-NRV,P-NRV,Sim,P-NRV,Não,P-NRV,Sim,P-NRV,Abstenção,Sim
João Capiberibe - PSB/AP,Não,Não,Sim,Não,Não,Sim,Não,Não,Sim,Sim,Não,Sim,Sim,Sim,Sim,Sim,Não,P-NRV,Sim,Sim,Sim,Sim,Sim,Sim,Sim,Sim,Sim,Sim,Sim,Não,Sim,Sim,Sim,Não,Sim,P-NRV,Sim,Não,Sim,Não,Sim,P-NRV,Não,Sim,Sim,Sim,Sim,Sim,P-NRV,Sim,Sim,P-NRV,P-NRV,Sim,Sim,Sim,Sim,P-NRV
Jorge Viana - PT/AC,Não,Não,Sim,P-NRV,Sim,Não,Sim,Sim,MIS,Presidente (art. 51 RISF),Presidente (art. 51 RISF),Sim,Sim,Sim,MIS,Sim,Sim,P-NRV,Sim,Sim,Sim,Presidente (art. 51 RISF),Sim,Sim,Sim,MIS,MIS,Sim,Presidente (art. 51 RISF),Sim,Sim,Sim,MIS,P-NRV,Sim,MIS,Sim,Sim,Sim,P-NRV,Sim,MIS,Sim,Sim,Sim,MIS,MIS,Sim,Sim,Sim,AP,Não,AP,Sim,Sim,P-NRV,Sim,Sim
José Agripino - DEM/RN,Sim,Sim,Não,Não,Não,Sim,Não,Não,Sim,Não,P-NRV,Sim,Sim,Sim,Sim,Sim,Sim,Sim,Sim,Sim,Sim,Sim,Sim,Sim,Sim,Sim,Sim,Sim,Sim,Sim,Sim,Sim,Não,P-NRV,Sim,Sim,Sim,Não,Não,AP,Sim,Sim,Não,Sim,Sim,Sim,Sim,P-NRV,Sim,Sim,Sim,Sim,Sim,Não,Sim,Sim,Sim,Sim
José Aníbal - PSDB/SP,Sim,?,?,?,?,?,?,?,?,?,?,?,?,?,?,Sim,Sim,?,?,?,Sim,?,?,?,?,?,?,?,?,?,?,Sim,?,P-NRV,?,?,?,?,?,?,Sim,?,?,?,?,?,?,?,?,?,?,Sim,?,?,?,?,?,?
José Maranhão - PMDB/PB,Sim,Não,LS,LS,Não,Não,Não,Sim,Sim,Sim,Abstenção,Sim,Sim,Sim,LS,Sim,Sim,LS,Sim,Sim,AP,Sim,P-NRV,Sim,Sim,Sim,Sim,Sim,LS,Sim,Sim,Sim,LS,Sim,Sim,Sim,Sim,Sim,Não,P-NRV,Sim,Sim,Sim,LS,Sim,Sim,AP,P-NRV,Sim,LS,P-NRV,Sim,Sim,Não,P-NRV,Sim,Sim,Sim
José Medeiros - PPS/MT,Sim,P-NRV,Sim,Não,Abstenção,Sim,P-NRV,P-NRV,Não,Obstrução,P-NRV,Sim,Sim,Sim,Sim,Sim,Sim,Sim,P-NRV,Não,Sim,Sim,Sim,Sim,Sim,Sim,Sim,P-NRV,Sim,Sim,Sim,Sim,Não,Não,Sim,Sim,Sim,Não,Sim,Sim,Sim,Sim,Não,Sim,Sim,Sim,Sim,Não,Sim,Sim,Sim,Sim,Sim,Sim,Sim,P-NRV,Sim,Sim
José Pimentel - PT/CE,Não,Não,Sim,Sim,Sim,Não,Sim,Sim,Sim,Sim,Sim,Sim,Sim,Não,Sim,Sim,Não,Sim,Sim,Sim,Sim,Sim,Sim,Sim,Sim,Sim,Sim,Sim,P-NRV,Sim,Sim,Não,Sim,Não,Sim,Sim,Sim,Sim,Sim,Sim,Sim,Sim,Sim,Sim,Sim,Sim,Sim,Sim,Sim,Sim,Sim,Sim,Sim,Não,Sim,Sim,Sim,Sim
José Serra - PSDB/SP,Sim,Não,Não,P-NRV,Não,Não,Sim,Não,Sim,Obstrução,P-NRV,Sim,P-NRV,Sim,Sim,?,?,Sim,Sim,Sim,?,Sim,Sim,Sim,P-NRV,Sim,Sim,Sim,P-NRV,Sim,Sim,?,P-NRV,?,Sim,Sim,Sim,Não,Não,Sim,?,MIS,Sim,Sim,Não,Sim,Sim,P-NRV,Sim,Sim,Sim,?,Sim,P-NRV,Sim,Sim,Sim,Sim
Kátia Abreu - PMDB/TO,Não,?,?,?,?,?,?,?,?,?,?,?,?,?,?,P-NRV,Sim,?,?,?,Sim,?,?,?,?,?,?,?,?,?,?,Sim,?,MIS,?,?,?,?,?,?,Sim,?,?,?,?,?,?,?,?,?,?,Sim,?,?,?,?,?,?
Lasier Martins - PDT/RS,Sim,Sim,MIS,MIS,Não,Não,Sim,Não,P-NRV,Sim,P-NRV,Sim,Sim,Sim,Sim,Sim,Sim,Sim,Sim,Sim,Sim,Sim,Sim,Sim,Sim,Sim,Sim,Sim,Sim,Sim,Sim,Sim,Sim,Não,Sim,Sim,Sim,Não,Sim,Sim,Sim,Sim,Não,Sim,Sim,Sim,Sim,Sim,Sim,Sim,Sim,Sim,Sim,Não,Sim,Sim,Sim,Sim
Lídice da Mata - PSB/BA,Não,Não,Sim,Não,Não,AP,Não,Sim,LS,Sim,Não,Sim,Sim,MIS,Sim,Sim,Não,Sim,LS,Sim,Sim,Sim,Sim,Sim,Sim,Sim,Sim,Sim,Sim,Não,Sim,Sim,Sim,P-NRV,Sim,Sim,Sim,Sim,Sim,Não,Sim,Sim,Sim,Sim,Sim,LS,Sim,Sim,P-NRV,Sim,Sim,Sim,Não,Sim,Sim,LS,Sim,Sim
Lindbergh Farias - PT/RJ,Não,Não,Sim,Não,Sim,Sim,Sim,Sim,Sim,Sim,Sim,Sim,Sim,Sim,Sim,Sim,Não,Sim,Sim,Não,Sim,Sim,Sim,Sim,Sim,Sim,Sim,Sim,P-NRV,Não,Sim,Não,Sim,Sim,Sim,P-NRV,Sim,Sim,Sim,Não,Sim,Sim,Sim,Sim,Sim,Sim,Sim,Sim,Sim,Sim,Sim,P-NRV,Não,Sim,Sim,Sim,Sim,Sim
Lúcia Vânia - PSDB/GO,Sim,Abstenção,Sim,Sim,Não,Não,Abstenção,Sim,Sim,Sim,Não,Sim,Sim,Sim,Sim,Sim,Sim,Sim,P-NRV,Sim,Sim,Sim,Sim,Sim,Sim,Sim,Sim,Sim,Sim,Sim,Sim,Sim,Sim,Sim,Sim,Sim,Sim,Sim,Sim,P-NRV,Sim,Sim,Não,Sim,Sim,Sim,Sim,P-NRV,Sim,Sim,Sim,Sim,P-NRV,Sim,Sim,Sim,Sim,Sim
Luiz Henrique - PMDB/SC,?,?,?,?,?,?,?,?,?,?,?,?,?,?,MIS,?,?,Sim,?,Sim,?,?,?,?,?,?,?,?,?,?,?,?,MIS,?,LS,?,?,?,?,?,?,?,?,?,Abstenção,?,?,Sim,?,?,?,?,?,?,?,?,?,LS
Magno Malta - PR/ES,Sim,Não,P-NRV,Não,Não,P-NRV,AP,AP,P-NRV,Sim,Não,Sim,AP,Sim,Sim,Sim,Sim,Sim,AP,Sim,Sim,Sim,LS,Sim,Não,Sim,Sim,Sim,Sim,Sim,P-NRV,Sim,P-NRV,Não,Sim,Sim,Ncom,Não,Não,Não,Sim,Sim,AP,LS,Sim,Sim,Sim,Sim,Sim,Sim,AP,Sim,AP,P-NRV,Sim,AP,Sim,LS
Marcelo Crivella - PRB/RJ,Sim,Sim,Sim,Não,P-NRV,Não,P-NRV,Sim,Sim,Sim,Sim,Sim,P-NRV,Sim,MIS,?,?,P-NRV,Sim,P-NRV,?,Sim,Sim,Sim,Sim,Sim,Sim,Sim,Sim,P-NRV,P-NRV,P-NRV,MIS,?,Sim,P-NRV,Sim,Sim,P-NRV,LS,?,Sim,P-NRV,AP,Não,Sim,P-NRV,Sim,P-NRV,Sim,Sim,?,P-NRV,LP,Sim,P-NRV,Sim,Sim
Maria do Carmo Alves - DEM/SE,Sim,P-NRV,Não,Não,P-NRV,P-NRV,P-NRV,?,?,?,?,?,?,?,P-NRV,?,Sim,P-NRV,P-NRV,P-NRV,?,Sim,P-NRV,P-NRV,P-NRV,?,?,?,?,?,?,?,P-NRV,?,P-NRV,?,?,P-NRV,P-NRV,LS,?,?,?,?,P-NRV,?,?,P-NRV,P-NRV,?,Sim,Sim,P-NRV,?,P-NRV,P-NRV,P-NRV,P-NRV
Marta Suplicy - PT/SP,Sim,Não,Sim,Não,Não,Não,Não,Sim,Sim,Sim,Sim,Sim,Sim,Sim,Sim,Sim,LP,Sim,Sim,Sim,Sim,Sim,Sim,P-NRV,Sim,Sim,Sim,Sim,Sim,Sim,Sim,Sim,Sim,P-NRV,Sim,Sim,Sim,Sim,Sim,Sim,Sim,Sim,Sim,Sim,Não,Sim,Sim,P-NRV,Sim,Sim,Sim,LP,P-NRV,P-NRV,Sim,Sim,Sim,Sim
Omar Aziz - PSD/AM,Sim,Não,Sim,Sim,P-NRV,Sim,Não,Sim,Sim,Sim,Sim,Sim,Sim,AP,Sim,Sim,Sim,P-NRV,Sim,Sim,Sim,Sim,Sim,Sim,Sim,Sim,Sim,Sim,Sim,Sim,P-NRV,Sim,Sim,AP,Sim,Sim,Sim,Sim,Sim,LS,Sim,Sim,LS,AP,Sim,Sim,LS,Sim,Sim,Sim,Sim,Sim,Sim,LS,P-NRV,Sim,Sim,Sim
Otto Alencar - PSD/BA,Não,Não,Sim,Sim,Sim,Não,Não,Sim,Sim,AP,Sim,Sim,P-NRV,Sim,Sim,P-NRV,Sim,Não,Sim,Sim,Sim,Sim,Sim,Sim,Sim,Sim,Sim,Sim,Sim,Sim,Sim,Sim,Sim,Não,Sim,Sim,Sim,Sim,Não,Sim,Sim,AP,Sim,Sim,Sim,Sim,Sim,Sim,Sim,Sim,Sim,Sim,Sim,Sim,Sim,Sim,Sim,Sim
Pastor Valadares - PDT/RO,?,?,?,?,?,?,?,?,?,?,?,?,?,?,?,?,?,?,?,?,?,?,?,?,?,?,?,?,?,?,?,?,?,?,?,?,?,?,?,?,?,?,?,?,?,?,?,?,?,?,?,?,?,?,?,?,?,?
Paulo Bauer - PSDB/SC,Sim,Sim,Não,Não,Não,Não,Sim,P-NRV,Não,Obstrução,AP,Sim,Sim,Sim,LS,Sim,Sim,LS,Sim,LS,Sim,Sim,Sim,Sim,Sim,Sim,Sim,Sim,Sim,Sim,Sim,Sim,LS,Não,Sim,Sim,Sim,Não,Não,Sim,MIS,Sim,Não,Sim,LS,Sim,Sim,LS,Sim,Sim,Sim,Sim,P-NRV,Não,AP,Sim,Sim,Sim
Paulo Paim - PT/RS,Não,Não,Sim,Não,Não,Sim,Ncom,Sim,Sim,Sim,Abstenção,Sim,Sim,P-NRV,Sim,Sim,Não,Sim,Sim,Sim,Sim,Sim,Sim,Sim,Sim,Sim,Sim,Sim,AP,Não,Sim,Sim,Sim,Sim,Sim,Sim,Sim,Sim,Sim,Não,Sim,Sim,Sim,P-NRV,Sim,Sim,P-NRV,Sim,Sim,Sim,Sim,P-NRV,Não,Sim,P-NRV,Sim,Sim,Sim
Paulo Rocha - PT/PA,Não,Não,Sim,Sim,Sim,Não,Sim,Sim,Sim,Sim,Sim,Sim,Sim,Sim,Sim,Sim,Não,Sim,Sim,Sim,Sim,Sim,Sim,Sim,Sim,Sim,Sim,Sim,P-NRV,Não,Sim,Sim,Sim,Sim,Sim,Sim,Sim,Sim,Sim,Não,Sim,Sim,Sim,Sim,Sim,Sim,Sim,Sim,Sim,Sim,Sim,Sim,Não,Sim,Sim,Sim,Sim,Sim
Pedro Chaves - PSC/MS,Sim,?,?,?,?,?,?,?,?,?,?,?,?,?,?,Sim,Sim,?,?,?,Sim,?,?,?,?,?,?,?,?,?,?,Sim,?,Sim,?,?,?,?,?,?,Sim,?,?,?,?,?,?,?,?,?,?,Sim,?,?,?,?,?,?
Pinto Itamaraty - PSDB/MA,?,?,?,?,?,?,?,?,?,?,?,?,?,?,?,?,?,?,?,?,?,?,?,?,?,?,?,?,?,?,?,?,?,?,?,?,?,?,?,?,?,?,?,?,?,?,?,?,?,?,?,?,?,?,?,?,?,?
Raimundo Lira - PMDB/PB,Sim,Não,Sim,Sim,P-NRV,Não,Não,Sim,Sim,Sim,P-NRV,Sim,P-NRV,Sim,Sim,Sim,Sim,Sim,Sim,Sim,Sim,Sim,Sim,Sim,Sim,Sim,Sim,Sim,Sim,Sim,Sim,Sim,Não,Não,Sim,Sim,Sim,Sim,Não,Sim,Sim,Sim,Sim,Sim,Sim,Sim,Sim,Sim,Sim,Sim,Sim,Sim,Sim,Não,Sim,Sim,Sim,Sim
Randolfe Rodrigues - PSOL/AP,Não,Sim,Abstenção,Não,Não,Sim,Não,Não,Sim,P-NRV,P-NRV,Sim,Sim,Sim,Sim,Sim,P-NRV,Sim,Sim,Sim,Sim,Sim,Sim,Sim,Sim,Sim,Sim,Sim,Sim,Não,Sim,Sim,Sim,Sim,Sim,Sim,Sim,Sim,Sim,Não,Sim,Sim,Sim,Sim,Sim,Sim,Sim,Sim,Sim,Sim,Sim,P-NRV,Não,Sim,Sim,Sim,Sim,Sim
Regina Sousa - PT/PI,Não,Não,Sim,Sim,Sim,Não,P-NRV,Sim,Sim,Sim,Sim,Sim,Sim,Sim,Sim,Sim,Não,Sim,Sim,Sim,Sim,Sim,Sim,P-NRV,Sim,Sim,Sim,Sim,Sim,Não,Sim,Sim,Sim,Sim,Sim,Sim,Sim,Sim,Sim,Não,Sim,Sim,Sim,Sim,Sim,Sim,Sim,Sim,Sim,Sim,Sim,Não,Não,Sim,Sim,Sim,Sim,Sim
Reguffe - PDT/DF,Sim,Sim,Não,Não,Sim,Sim,Sim,Não,Sim,Não,Não,Sim,Sim,Não,Sim,Sim,Não,Sim,Sim,Sim,Sim,Sim,Sim,Sim,Sim,Sim,Sim,Sim,Sim,Não,Sim,P-NRV,Sim,Sim,Sim,Sim,Sim,Não,Sim,Não,Sim,Sim,Não,Sim,Sim,Sim,Sim,Sim,Sim,Não,Sim,Sim,Não,Sim,Sim,Sim,Sim,Sim
Renan Calheiros - PMDB/AL,Presidente (art. 51 RISF),Presidente (art. 51 RISF),Presidente (art. 51 RISF),Não,Presidente (art. 51 RISF),Presidente (art. 51 RISF),Presidente (art. 51 RISF),Presidente (art. 51 RISF),Presidente (art. 51 RISF),P-NRV,P-NRV,Presidente (art. 51 RISF),Presidente (art. 51 RISF),Presidente (art. 51 RISF),Presidente (art. 51 RISF),Presidente (art. 51 RISF),Presidente (art. 51 RISF),Ncom,Presidente (art. 51 RISF),Presidente (art. 51 RISF),Presidente (art. 51 RISF),Presidente (art. 51 RISF),Presidente (art. 51 RISF),Presidente (art. 51 RISF),Presidente (art. 51 RISF),Presidente (art. 51 RISF),Presidente (art. 51 RISF),Presidente (art. 51 RISF),Ncom,Presidente (art. 51 RISF),Presidente (art. 51 RISF),Presidente (art. 51 RISF),Presidente (art. 51 RISF),Presidente (art. 51 RISF),Presidente (art. 51 RISF),Ncom,Presidente (art. 51 RISF),Presidente (art. 51 RISF),Presidente (art. 51 RISF),Presidente (art. 51 RISF),Presidente (art. 51 RISF),Presidente (art. 51 RISF),Presidente (art. 51 RISF),Presidente (art. 51 RISF),Presidente (art. 51 RISF),Presidente (art. 51 RISF),Presidente (art. 51 RISF),Presidente (art. 51 RISF),Presidente (art. 51 RISF),Presidente (art. 51 RISF),Presidente (art. 51 RISF),Presidente (art. 51 RISF),Presidente (art. 51 RISF),Presidente (art. 51 RISF),Presidente (art. 51 RISF),Presidente (art. 51 RISF),Presidente (art. 51 RISF),Presidente (art. 51 RISF)
Ricardo Ferraço - PMDB/ES,Sim,Não,AP,Não,Não,Não,Não,P-NRV,MIS,Não,Não,Sim,P-NRV,Sim,Sim,Sim,Sim,Sim,Sim,P-NRV,Sim,Sim,Sim,Sim,Sim,Sim,Sim,Sim,Sim,Sim,Sim,Sim,Não,Não,Sim,Sim,Sim,Não,Não,Sim,Sim,Sim,Não,Sim,Sim,MIS,Sim,Sim,Sim,Sim,Sim,Sim,Sim,Não,Sim,Sim,Sim,Sim
Ricardo Franco - DEM/SE,Sim,?,?,?,?,?,?,Não,Não,Não,AP,Sim,Sim,Sim,?,Sim,?,?,?,?,LP,?,?,?,?,Sim,Sim,Sim,Sim,Sim,Sim,Sim,?,AP,?,Sim,Sim,?,?,?,LP,Sim,Não,LS,?,Sim,Sim,?,?,P-NRV,?,?,?,Não,?,?,?,?
Roberto Muniz - PP/BA,Não,?,?,?,?,?,?,?,?,?,?,?,?,?,?,Sim,Sim,?,?,?,Sim,?,?,?,?,?,?,?,?,?,?,Sim,?,P-NRV,?,?,?,?,?,?,Sim,?,?,?,?,?,?,?,?,?,?,Sim,?,?,?,?,?,?
Roberto Requião - PMDB/PR,Não,Ncom,Sim,Não,Não,Sim,Não,P-NRV,Não,Sim,P-NRV,Sim,Sim,Abstenção,P-NRV,Sim,P-NRV,Sim,P-NRV,Sim,P-NRV,Sim,P-NRV,Sim,Sim,Sim,Sim,Sim,Sim,Não,P-NRV,Não,Sim,P-NRV,Sim,Não,Sim,Não,Sim,MIS,Sim,P-NRV,MIS,Sim,Sim,Sim,Sim,Sim,Sim,Sim,Sim,P-NRV,Não,Sim,Sim,P-NRV,Sim,Sim
Roberto Rocha - PSB/MA,Sim,P-NRV,Sim,Sim,Não,Não,Não,Sim,Sim,MIS,MIS,Não,Sim,Sim,Sim,Sim,Sim,Sim,P-NRV,Sim,Sim,Sim,Sim,Sim,Sim,MIS,MIS,Sim,Sim,AP,AP,Sim,Sim,P-NRV,Sim,MIS,Sim,Sim,Sim,Ncom,Sim,Sim,Sim,P-NRV,Sim,Sim,AP,Sim,AP,Sim,P-NRV,Sim,Não,Sim,Sim,Sim,Sim,Sim
Romário - PSB/RJ,Sim,Não,Sim,Não,P-NRV,Não,Não,Não,Sim,Sim,Não,Sim,Sim,Sim,Sim,Sim,Sim,Sim,Sim,Sim,P-NRV,Sim,Sim,Sim,Sim,Sim,Sim,Sim,Sim,Sim,Sim,Sim,Sim,Não,Sim,Sim,Sim,Não,Sim,P-NRV,Sim,Sim,Não,Sim,Não,Sim,Sim,Sim,Sim,Sim,Sim,Sim,Não,Sim,Sim,Sim,Sim,Sim
Romero Jucá - PMDB/RR,Sim,Não,Sim,Sim,Sim,Ncom,P-NRV,Sim,P-NRV,Sim,Sim,Sim,P-NRV,Sim,Sim,AP,Sim,P-NRV,Sim,P-NRV,P-NRV,Sim,Sim,Sim,Sim,Sim,Sim,Sim,Sim,Sim,Sim,Sim,Sim,P-NRV,Sim,Presidente (art. 51 RISF),Sim,Sim,Sim,P-NRV,Sim,Sim,Sim,Sim,Sim,Sim,Sim,Sim,Sim,Sim,AP,AP,AP,Sim,Sim,Sim,Sim,Sim
Ronaldo Caiado - DEM/GO,Sim,Sim,Não,Não,Não,Sim,Não,Não,Não,Obstrução,Não,Sim,Sim,Sim,Sim,Sim,Sim,LS,Sim,Sim,Sim,Sim,Sim,Sim,Sim,Sim,Sim,Sim,Sim,Sim,Sim,Não,Não,Não,Sim,P-NRV,Sim,Não,Não,Sim,Sim,P-NRV,Não,AP,Sim,Sim,Sim,Sim,Sim,Sim,Sim,Sim,Sim,Não,Sim,Sim,Sim,Sim
Rose de Freitas - PMDB/ES,Sim,Não,Sim,Sim,Não,Não,Não,Sim,Sim,Sim,P-NRV,Sim,P-NRV,Sim,Sim,Sim,Sim,Sim,Sim,Sim,LS,P-NRV,Sim,Sim,Sim,Sim,Sim,Sim,Sim,Sim,Sim,LS,P-NRV,P-NRV,Sim,P-NRV,Sim,Sim,P-NRV,Sim,Sim,P-NRV,Sim,P-NRV,Sim,P-NRV,Sim,Sim,AP,Sim,Sim,Sim,Sim,Ncom,Sim,Sim,Ncom,Sim
Sandra Braga - PMDB/AM,?,Não,Sim,Sim,P-NRV,Não,AP,Sim,Sim,Sim,Sim,Sim,Sim,Sim,Sim,?,?,Sim,Sim,Sim,?,Sim,Sim,Sim,Sim,AP,AP,P-NRV,Sim,AP,AP,?,P-NRV,?,Sim,AP,Sim,Sim,P-NRV,Sim,?,AP,Sim,Sim,Sim,Sim,Sim,P-NRV,P-NRV,Sim,Sim,?,P-NRV,Não,Sim,P-NRV,?,AP
Sérgio de Castro - PDT/ES,?,?,?,?,?,?,?,?,?,?,?,?,?,?,?,?,?,?,?,?,?,?,?,?,?,?,?,?,?,?,?,?,?,?,?,?,?,?,?,?,?,?,?,?,?,?,?,?,?,?,?,?,?,?,?,?,?,?
Sérgio Petecão - PSD/AC,Sim,Não,Não,P-NRV,P-NRV,Não,Não,Sim,Sim,Sim,Não,Sim,Sim,Sim,P-NRV,Sim,AP,Sim,Sim,MIS,P-NRV,Sim,Sim,Sim,Sim,Sim,Sim,Sim,Sim,Sim,Sim,Sim,Sim,MIS,Sim,Sim,P-NRV,Sim,MIS,P-NRV,Sim,Sim,Sim,Sim,Sim,P-NRV,Sim,MIS,Sim,Sim,AP,AP,AP,P-NRV,Sim,P-NRV,Sim,Sim
Simone Tebet - PMDB/MS,Sim,Sim,Sim,Sim,Não,Não,Não,Sim,Não,Sim,Abstenção,Sim,Sim,Sim,Sim,Sim,Sim,Sim,Sim,Sim,Sim,Sim,Sim,Sim,Sim,Sim,Sim,Sim,Sim,Não,Sim,Sim,Não,Não,Sim,Sim,Sim,Sim,Sim,Sim,Sim,Sim,Não,Sim,Sim,Sim,Sim,Sim,Sim,Sim,Sim,Sim,Sim,Não,Sim,Sim,Sim,Sim
Tasso Jereissati - PSDB/CE,Sim,P-NRV,Não,Não,P-NRV,Não,Sim,Não,Sim,Não,P-NRV,Sim,Sim,Sim,Sim,Sim,Sim,Sim,Sim,Sim,Sim,Sim,Sim,P-NRV,Sim,LP,LP,Sim,Sim,Sim,Sim,P-NRV,Sim,Não,Sim,LP,Sim,Não,Não,Sim,Sim,Sim,Sim,Sim,Sim,Sim,Sim,Sim,Sim,Sim,Sim,Sim,Sim,Não,Sim,Sim,Sim,Sim
Telmário Mota - PDT/RR,Não,Não,Sim,Sim,P-NRV,Não,Sim,Sim,Sim,Sim,Sim,Sim,Sim,Sim,P-NRV,Sim,Sim,P-NRV,Sim,Sim,Sim,Sim,Sim,Sim,Sim,P-NRV,P-NRV,Sim,AP,Sim,Sim,Sim,Sim,Não,Sim,P-NRV,Sim,Sim,Sim,Não,Sim,Sim,Sim,Sim,Sim,Sim,Sim,Sim,Sim,Sim,P-NRV,Não,P-NRV,Sim,P-NRV,Sim,Sim,Sim
Thieres Pinto - PTB/RR,?,?,?,?,?,?,?,?,?,?,?,?,?,?,?,?,?,?,?,?,?,?,?,?,?,?,?,?,?,?,?,?,?,?,?,?,?,?,?,?,?,?,?,?,?,?,?,?,?,?,?,?,?,?,?,?,?,?
Valdir Raupp - PMDB/RO,Sim,P-NRV,Sim,Sim,Sim,Não,Não,Sim,Abstenção,Sim,P-NRV,Sim,Sim,Sim,Sim,Sim,Sim,Sim,Sim,Sim,Sim,Sim,P-NRV,Sim,Sim,Sim,Sim,Sim,Sim,P-NRV,Sim,Sim,Sim,Não,Sim,Sim,Sim,Sim,Não,Sim,Sim,Sim,Sim,Sim,Sim,Sim,Sim,Sim,Sim,Sim,Sim,Sim,P-NRV,Sim,Sim,Sim,Sim,Sim
Vanessa Grazziotin - PCdoB/AM,Não,Não,Sim,Sim,P-NRV,Não,P-NRV,Sim,Sim,Sim,Sim,Sim,Sim,Sim,Sim,Sim,Não,P-NRV,Sim,AP,Sim,Sim,Sim,Sim,Sim,MIS,MIS,Sim,P-NRV,Não,Sim,Sim,Sim,Sim,Sim,MIS,Sim,Sim,Sim,Não,Sim,Sim,Sim,Sim,Sim,Sim,Sim,AP,Sim,Sim,Sim,Não,Não,Sim,Sim,Sim,Sim,Sim
Vicentinho Alves - PR/TO,Sim,P-NRV,Sim,Sim,Sim,Não,Não,Sim,Sim,LS,Sim,Sim,Sim,AP,Sim,P-NRV,Sim,P-NRV,Sim,Sim,P-NRV,Sim,Sim,Sim,P-NRV,Sim,Sim,Sim,Sim,Sim,P-NRV,Sim,Não,P-NRV,Sim,Sim,Sim,Sim,Não,Sim,Sim,P-NRV,Sim,Sim,Sim,Sim,Sim,P-NRV,P-NRV,Sim,Sim,Sim,P-NRV,Não,Sim,Sim,Sim,Sim
Virginio de Carvalho - PSC/SE,?,?,?,?,?,?,?,?,?,?,?,?,?,?,?,?,?,?,?,?,?,?,?,?,?,?,?,?,?,?,?,?,?,?,?,?,?,?,?,?,?,?,?,?,?,?,?,?,?,?,?,?,?,?,?,?,?,?
Waldemir Moka - PMDB/MS,Sim,Sim,Sim,Sim,Não,Sim,Não,Sim,Não,Sim,Não,Sim,Sim,Sim,Sim,Sim,Sim,Sim,Sim,Sim,Sim,Sim,Sim,Sim,Sim,Sim,Sim,Sim,Sim,Sim,Sim,Sim,Não,Não,Sim,P-NRV,Sim,Sim,Sim,Sim,Sim,Sim,Não,Sim,Sim,Sim,Sim,Sim,Sim,Sim,Sim,Sim,Sim,Não,Sim,Sim,Sim,Sim
Walter Pinheiro - PT/BA,Não,Não,Sim,Não,Não,Não,Não,Sim,MIS,Sim,Sim,Sim,Sim,Sim,Sim,?,?,Sim,Sim,Sim,?,Sim,Sim,Sim,Sim,Sim,Sim,Sim,Sim,Sim,Sim,Sim,Sim,?,Sim,Sim,Sim,Sim,Sim,MIS,?,Sim,Sim,Sim,Sim,MIS,Sim,Sim,Sim,Sim,Sim,?,Sim,Sim,Sim,Sim,Sim,Sim
Wellington Fagundes - PR/MT,Sim,P-NRV,Sim,P-NRV,MIS,Não,Sim,LP,Sim,Sim,Sim,LP,LP,Sim,Sim,Sim,Sim,Sim,Sim,Sim,P-NRV,Sim,Sim,Sim,Sim,Sim,Sim,Sim,Sim,Sim,Sim,Não,P-NRV,Não,Sim,P-NRV,Sim,Sim,Não,Sim,Sim,Sim,P-NRV,Sim,Sim,Sim,P-NRV,Sim,MIS,Sim,P-NRV,Sim,Sim,Não,Sim,Sim,Sim,Sim
Wilder Morais - DEM/GO,Sim,P-NRV,Não,Não,Não,Não,Não,Sim,Não,Sim,Não,Sim,Sim,Sim,Sim,Sim,Sim,Sim,Sim,Sim,Sim,Sim,Sim,AP,Sim,Sim,Sim,Sim,Sim,AP,AP,Sim,Não,Ncom,Sim,Sim,AP,Não,Não,P-NRV,Sim,P-NRV,Não,Sim,Sim,P-NRV,LP,Sim,Sim,Sim,Sim,P-NRV,Sim,P-NRV,Sim,Sim,Sim,Sim
Wirlande da Luz - PMDB/RR,?,?,?,?,?,?,?,?,?,?,?,?,?,?,?,?,?,?,?,?,?,?,?,?,?,?,?,?,?,?,?,?,?,?,?,?,?,?,?,?,?,?,?,?,?,?,?,?,?,?,?,?,?,?,?,?,?,?
Zeze Perrella - PDT/MG,Sim,AP,Sim,Sim,Não,Não,Não,P-NRV,P-NRV,Não,P-NRV,Sim,Sim,LS,P-NRV,Sim,Sim,P-NRV,AP,Sim,P-NRV,Sim,Sim,Sim,P-NRV,P-NRV,P-NRV,Sim,LS,Sim,P-NRV,Sim,P-NRV,Não,Sim,Sim,AP,Sim,Não,P-NRV,P-NRV,AP,AP,Sim,Sim,P-NRV,Sim,P-NRV,P-NRV,Sim,AP,Sim,AP,AP,Sim,AP,Sim,P-NRV
